,Sezon,Maç Haftası,SutYuzdesi,Tarih,EvSahibi,Ev Gol,Deplasman Gol,Deplasman,Ev xG,Deplasman xG,Ev Sonraki Elo,Deplasman Sonraki Elo,Elo_ev_onceki,Elo_dep_onceki,EvYenixG,DepYenixG
37,2022,1,20.0,2022-08-05,Crystal Palace,0,2,Arsenal,1.2,1.0,1453.52,1546.48,1500.0,1500.0,1.0,1.0
407,2022,1,35.7,2022-08-06,Everton,0,1,Chelsea,0.7,1.5,1453.52,1546.48,1500.0,1500.0,1.0,2.0
222,2022,1,13.3,2022-08-06,Bournemouth,2,0,Aston Villa,0.6,0.7,1533.52,1466.48,1500.0,1500.0,1.0,1.0
444,2022,1,40.0,2022-08-06,Leeds United,2,1,Wolves,0.8,1.3,1533.52,1466.48,1500.0,1500.0,1.0,1.0
111,2022,1,39.1,2022-08-06,Newcastle Utd,2,0,Nottingham Forest,1.7,0.3,1533.52,1466.48,1500.0,1500.0,2.0,0.0
259,2022,1,44.4,2022-08-06,Tottenham,4,1,Southampton,1.5,0.5,1533.52,1466.48,1500.0,1500.0,2.0,0.0
148,2022,1,27.3,2022-08-06,Fulham,2,2,Liverpool,1.2,1.2,1493.52,1506.48,1500.0,1500.0,1.0,1.0
0,2022,1,7.7,2022-08-07,West Ham,0,2,Manchester City,0.5,2.2,1453.52,1546.48,1500.0,1500.0,0.0,2.0
74,2022,1,29.4,2022-08-07,Manchester Utd,1,2,Brighton,1.4,1.5,1453.52,1546.48,1500.0,1500.0,1.0,2.0
296,2022,1,37.5,2022-08-07,Leicester City,2,2,Brentford,0.6,0.8,1493.52,1506.48,1500.0,1500.0,1.0,1.0
75,2022,2,26.7,2022-08-13,Brentford,4,0,Manchester Utd,1.6,0.9,1534.24,1425.76,1506.48,1453.52,2.0,1.0
334,2022,2,25.0,2022-08-13,Wolves,0,0,Fulham,0.9,1.5,1463.04,1496.96,1466.48,1493.52,1.0,1.0
223,2022,2,25.0,2022-08-13,Aston Villa,2,1,Everton,2.3,1.6,1498.56,1421.44,1466.48,1453.52,2.0,2.0
112,2022,2,25.0,2022-08-13,Brighton,0,0,Newcastle Utd,1.5,0.2,1538.56,1541.44,1546.48,1533.52,1.0,0.0
38,2022,2,36.8,2022-08-13,Arsenal,4,2,Leicester City,2.7,0.5,1574.24,1465.76,1546.48,1493.52,3.0,1.0
667,2022,2,38.5,2022-08-13,Southampton,2,2,Leeds United,1.2,1.8,1467.6,1532.4,1466.48,1533.52,1.0,2.0
1,2022,2,36.8,2022-08-13,Manchester City,4,0,Bournemouth,1.7,0.1,1578.56,1501.44,1546.48,1533.52,2.0,0.0
260,2022,2,50.0,2022-08-14,Chelsea,2,2,Tottenham,1.6,1.0,1538.56,1541.44,1546.48,1533.52,2.0,1.0
482,2022,2,16.7,2022-08-14,Nottingham Forest,1,0,West Ham,1.3,2.1,1498.56,1421.44,1466.48,1453.52,1.0,2.0
149,2022,2,16.7,2022-08-15,Liverpool,1,1,Crystal Palace,2.0,1.0,1494.24,1465.76,1506.48,1453.52,2.0,1.0
557,2022,3,35.7,2022-08-20,Everton,1,1,Nottingham Forest,1.5,1.0,1423.76,1496.24,1421.44,1498.56,2.0,1.0
224,2022,3,38.5,2022-08-20,Crystal Palace,3,1,Aston Villa,2.6,0.9,1502.96,1461.36,1465.76,1498.56,3.0,1.0
261,2022,3,36.4,2022-08-20,Tottenham,1,0,Wolves,1.7,0.7,1566.56,1437.92,1541.44,1463.04,2.0,1.0
298,2022,3,38.5,2022-08-20,Fulham,3,2,Brentford,2.4,1.8,1534.72,1496.48,1496.96,1534.24,2.0,2.0
631,2022,3,16.7,2022-08-20,Leicester City,1,2,Southampton,0.3,0.9,1419.44,1513.9199999999998,1465.76,1467.6,0.0,1.0
39,2022,3,42.9,2022-08-20,Bournemouth,0,3,Arsenal,0.3,1.3,1463.28,1612.4,1501.44,1574.24,0.0,1.0
187,2022,3,10.0,2022-08-21,West Ham,0,2,Brighton,0.8,1.7,1388.3200000000002,1571.6799999999998,1421.44,1538.56,1.0,2.0
2,2022,3,47.6,2022-08-21,Newcastle Utd,3,3,Manchester City,1.8,2.1,1539.1200000000001,1580.8799999999999,1541.44,1578.56,2.0,2.0
409,2022,3,21.4,2022-08-21,Leeds United,3,0,Chelsea,2.1,0.9,1566.5600000000002,1504.3999999999999,1532.4,1538.56,2.0,1.0
76,2022,3,38.5,2022-08-22,Manchester Utd,2,1,Liverpool,1.8,1.3,1467.12,1452.88,1425.76,1494.24,2.0,1.0
299,2022,4,25.0,2022-08-27,Brentford,1,1,Everton,2.1,1.1,1482.24,1438.0,1496.48,1423.76,2.0,1.0
151,2022,4,63.2,2022-08-27,Liverpool,9,0,Bournemouth,3.3,0.3,1487.5200000000002,1428.6399999999999,1452.88,1463.28,3.0,0.0
40,2022,4,36.4,2022-08-27,Arsenal,2,1,Fulham,2.6,0.8,1637.6000000000001,1509.52,1612.4,1534.72,2.0,1.0
3,2022,4,27.8,2022-08-27,Manchester City,4,2,Crystal Palace,2.2,0.1,1606.08,1477.76,1580.8799999999999,1502.96,2.0,0.0
188,2022,4,30.8,2022-08-27,Brighton,1,0,Leeds United,2.0,1.8,1604.6399999999999,1533.6000000000001,1571.6799999999998,1566.5600000000002,2.0,2.0
77,2022,4,36.4,2022-08-27,Southampton,0,1,Manchester Utd,1.4,1.1,1462.32,1518.7199999999998,1513.9199999999998,1467.12,1.0,1.0
410,2022,4,57.1,2022-08-27,Chelsea,2,1,Leicester City,1.8,2.5,1528.8799999999999,1394.96,1504.3999999999999,1419.44,2.0,3.0
225,2022,4,33.3,2022-08-28,Aston Villa,0,1,West Ham,0.5,0.6,1407.04,1442.64,1461.36,1388.3200000000002,0.0,1.0
114,2022,4,28.6,2022-08-28,Wolves,1,1,Newcastle Utd,0.7,1.7,1442.96,1534.0800000000002,1437.92,1539.1200000000001,1.0,2.0
262,2022,4,29.4,2022-08-28,Nottingham Forest,0,2,Tottenham,0.9,2.4,1457.76,1605.04,1496.24,1566.56,1.0,2.0
596,2022,5,28.6,2022-08-30,Leeds United,1,1,Everton,1.0,1.0,1517.1200000000001,1454.48,1533.6000000000001,1438.0,1.0,1.0
300,2022,5,33.3,2022-08-30,Crystal Palace,1,1,Brentford,1.0,1.4,1471.76,1488.24,1477.76,1482.24,1.0,1.0
189,2022,5,33.3,2022-08-30,Fulham,2,1,Brighton,0.7,1.4,1553.92,1560.2399999999998,1509.52,1604.6399999999999,1.0,1.0
411,2022,5,40.0,2022-08-30,Southampton,2,1,Chelsea,1.1,1.1,1503.44,1487.7599999999998,1462.32,1528.8799999999999,1.0,1.0
4,2022,5,52.9,2022-08-31,Manchester City,6,0,Nottingham Forest,3.3,0.7,1624.8799999999999,1438.96,1606.08,1457.76,3.0,1.0
448,2022,5,17.6,2022-08-31,Bournemouth,0,0,Wolves,0.4,1.5,1423.7599999999998,1447.8400000000001,1428.6399999999999,1442.96,0.0,1.0
115,2022,5,40.0,2022-08-31,Liverpool,2,1,Newcastle Utd,1.5,0.7,1526.3200000000002,1495.2800000000002,1487.5200000000002,1534.0800000000002,2.0,1.0
41,2022,5,36.4,2022-08-31,Arsenal,2,1,Aston Villa,2.4,0.4,1650.4,1394.24,1637.6000000000001,1407.04,2.0,0.0
263,2022,5,25.0,2022-08-31,West Ham,1,1,Tottenham,1.2,0.6,1454.4,1593.28,1442.64,1605.04,1.0,1.0
78,2022,5,22.2,2022-09-01,Leicester City,0,1,Manchester Utd,0.7,1.5,1362.56,1551.12,1394.96,1518.7199999999998,1.0,1.0
116,2022,6,21.7,2022-09-03,Newcastle Utd,0,0,Crystal Palace,2.8,1.0,1486.1600000000003,1480.8799999999999,1495.2800000000002,1471.76,3.0,1.0
412,2022,6,37.5,2022-09-03,Chelsea,2,1,West Ham,0.9,1.1,1517.5999999999997,1424.5600000000002,1487.7599999999998,1454.4,1.0,1.0
301,2022,6,53.8,2022-09-03,Brentford,5,2,Leeds United,2.3,1.7,1525.04,1480.3200000000002,1488.24,1517.1200000000001,2.0,2.0
153,2022,6,34.8,2022-09-03,Everton,0,0,Liverpool,1.7,2.1,1456.16,1524.64,1454.48,1526.3200000000002,2.0,2.0
523,2022,6,37.5,2022-09-03,Nottingham Forest,2,3,Bournemouth,1.9,0.8,1390.8,1471.9199999999998,1438.96,1423.7599999999998,2.0,1.0
449,2022,6,28.6,2022-09-03,Wolves,1,0,Southampton,0.8,1.2,1487.68,1463.6000000000001,1447.8400000000001,1503.44,1.0,1.0
5,2022,6,30.8,2022-09-03,Aston Villa,1,1,Manchester City,0.3,2.1,1412.72,1606.3999999999999,1394.24,1624.8799999999999,0.0,2.0
264,2022,6,43.5,2022-09-03,Tottenham,2,1,Fulham,2.9,0.7,1622.48,1524.72,1593.28,1553.92,3.0,1.0
190,2022,6,45.5,2022-09-04,Brighton,5,2,Leicester City,2.6,1.4,1575.2799999999997,1347.52,1560.2399999999998,1362.56,2.0,2.0
42,2022,6,18.8,2022-09-04,Manchester Utd,3,1,Arsenal,1.5,1.3,1596.0,1605.52,1551.12,1650.4,2.0,1.0
339,2022,8,46.7,2022-09-16,Nottingham Forest,2,3,Fulham,1.4,0.9,1359.52,1556.0,1390.8,1524.72,2.0,1.0
228,2022,8,27.3,2022-09-16,Aston Villa,1,0,Southampton,1.5,0.3,1452.0,1424.3200000000002,1412.72,1463.6000000000001,2.0,0.0
265,2022,8,68.8,2022-09-17,Tottenham,6,2,Leicester City,2.2,1.8,1632.8,1337.2,1622.48,1347.52,2.0,2.0
117,2022,8,31.6,2022-09-17,Newcastle Utd,1,1,Bournemouth,1.9,0.7,1478.0800000000004,1479.9999999999998,1486.1600000000003,1471.9199999999998,2.0,1.0
6,2022,8,43.8,2022-09-17,Wolves,0,3,Manchester City,0.4,1.1,1454.72,1639.36,1487.68,1606.3999999999999,0.0,1.0
487,2022,8,28.6,2022-09-18,Everton,1,0,West Ham,0.4,1.0,1486.16,1394.5600000000002,1456.16,1424.5600000000002,0.0,1.0
43,2022,8,53.8,2022-09-18,Brentford,0,3,Arsenal,0.5,1.5,1487.76,1642.8,1525.04,1605.52,1.0,1.0
44,2022,9,40.9,2022-10-01,Arsenal,3,1,Tottenham,2.4,1.6,1675.2,1600.3999999999999,1642.8,1632.8,2.0,2.0
118,2022,9,52.6,2022-10-01,Fulham,1,4,Newcastle Utd,0.5,3.3,1501.2,1532.8800000000003,1556.0,1478.0800000000004,0.0,3.0
599,2022,9,41.7,2022-10-01,Southampton,1,2,Everton,1.7,2.0,1384.88,1525.6000000000001,1424.3200000000002,1486.16,2.0,2.0
303,2022,9,30.8,2022-10-01,Bournemouth,0,0,Brentford,0.4,0.9,1474.3999999999999,1493.36,1479.9999999999998,1487.76,0.0,1.0
451,2022,9,26.7,2022-10-01,West Ham,2,0,Wolves,0.9,0.7,1434.9600000000003,1414.32,1394.5600000000002,1454.72,1.0,1.0
154,2022,9,46.7,2022-10-01,Liverpool,3,3,Brighton,1.5,1.4,1523.92,1575.9999999999998,1524.64,1575.2799999999997,2.0,1.0
376,2022,9,42.9,2022-10-01,Crystal Palace,1,2,Chelsea,0.4,1.1,1438.56,1559.9199999999996,1480.8799999999999,1517.5999999999997,0.0,1.0
7,2022,9,40.9,2022-10-02,Manchester City,6,3,Manchester Utd,3.2,1.7,1668.08,1567.28,1639.36,1596.0,3.0,2.0
229,2022,9,31.6,2022-10-02,Leeds United,0,0,Aston Villa,0.4,2.2,1470.7200000000003,1461.6,1480.3200000000002,1452.0,0.0,2.0
562,2022,9,30.0,2022-10-03,Leicester City,4,0,Nottingham Forest,1.3,1.1,1373.2,1323.52,1337.2,1359.52,1.0,1.0
192,2022,10,28.6,2022-10-08,Brighton,0,1,Tottenham,0.7,0.8,1532.2399999999998,1644.1599999999999,1575.9999999999998,1600.3999999999999,1.0,1.0
8,2022,10,38.1,2022-10-08,Manchester City,4,0,Southampton,2.4,0.2,1678.0,1374.96,1668.08,1384.88,2.0,0.0
119,2022,10,37.5,2022-10-08,Newcastle Utd,5,1,Brentford,1.5,1.2,1562.0800000000004,1464.1599999999999,1532.8800000000003,1493.36,1.0,1.0
414,2022,10,35.0,2022-10-08,Chelsea,3,0,Wolves,1.9,1.1,1578.9599999999996,1395.28,1559.9199999999996,1414.32,2.0,1.0
526,2022,10,40.0,2022-10-08,Bournemouth,2,1,Leicester City,1.1,1.0,1497.36,1350.24,1474.3999999999999,1373.2,1.0,1.0
377,2022,10,38.5,2022-10-09,Crystal Palace,2,1,Leeds United,1.1,1.0,1475.6799999999998,1433.6000000000004,1438.56,1470.7200000000003,1.0,1.0
341,2022,10,25.0,2022-10-09,West Ham,3,1,Fulham,2.4,0.7,1476.0000000000002,1460.16,1434.9600000000003,1501.2,3.0,1.0
45,2022,10,60.0,2022-10-09,Arsenal,3,2,Liverpool,2.7,1.1,1693.76,1505.3600000000001,1675.2,1523.92,2.0,1.0
81,2022,10,33.3,2022-10-09,Everton,1,2,Manchester Utd,0.6,1.4,1483.8400000000001,1609.04,1525.6000000000001,1567.28,1.0,1.0
230,2022,10,16.7,2022-10-10,Nottingham Forest,1,1,Aston Villa,0.3,0.7,1332.72,1452.3999999999999,1323.52,1461.6,0.0,1.0
193,2022,11,33.3,2022-10-14,Brentford,2,0,Brighton,1.5,1.9,1505.4399999999998,1490.9599999999998,1464.1599999999999,1532.2399999999998,2.0,2.0
268,2022,11,30.0,2022-10-15,Tottenham,2,0,Everton,2.2,0.4,1661.9999999999998,1466.0000000000002,1644.1599999999999,1483.8400000000001,2.0,0.0
378,2022,11,12.5,2022-10-15,Leicester City,0,0,Crystal Palace,1.0,0.4,1358.0,1467.9199999999998,1350.24,1475.6799999999998,1.0,0.0
342,2022,11,16.7,2022-10-15,Fulham,2,2,Bournemouth,2.1,1.0,1457.92,1499.6,1460.16,1497.36,2.0,1.0
453,2022,11,12.5,2022-10-15,Wolves,1,0,Nottingham Forest,1.3,1.5,1422.0,1306.0,1395.28,1332.72,1.0,2.0
46,2022,11,44.4,2022-10-16,Leeds United,0,1,Arsenal,1.8,0.5,1414.6400000000003,1712.72,1433.6000000000004,1693.76,2.0,0.0
231,2022,11,38.9,2022-10-16,Aston Villa,0,2,Chelsea,1.8,0.9,1420.32,1611.0399999999995,1452.3999999999999,1578.9599999999996,2.0,1.0
9,2022,11,37.5,2022-10-16,Liverpool,1,0,Manchester City,2.1,1.0,1558.2400000000002,1625.12,1505.3600000000001,1678.0,2.0,1.0
82,2022,11,13.3,2022-10-16,Manchester Utd,0,0,Newcastle Utd,0.8,0.8,1597.44,1573.6800000000003,1609.04,1562.0800000000004,1.0,1.0
490,2022,11,16.0,2022-10-16,Southampton,1,1,West Ham,0.5,1.7,1380.0,1470.9600000000003,1374.96,1476.0000000000002,1.0,2.0
194,2022,12,36.8,2022-10-18,Brighton,0,0,Nottingham Forest,1.7,0.1,1466.8799999999999,1330.08,1490.9599999999998,1306.0,1.0,0.0
379,2022,12,28.6,2022-10-18,Crystal Palace,2,1,Wolves,1.2,0.8,1496.3999999999999,1393.52,1467.9199999999998,1422.0,1.0,1.0
121,2022,12,25.0,2022-10-19,Newcastle Utd,1,0,Everton,1.5,0.2,1596.0000000000002,1443.6800000000003,1573.6800000000003,1466.0000000000002,1.0,0.0
83,2022,12,35.7,2022-10-19,Manchester Utd,2,0,Tottenham,1.5,0.6,1638.3200000000002,1621.1199999999997,1597.44,1661.9999999999998,2.0,1.0
157,2022,12,31.8,2022-10-19,Liverpool,1,0,West Ham,1.7,1.7,1582.5600000000002,1446.6400000000003,1558.2400000000002,1470.9600000000003,2.0,2.0
306,2022,12,62.5,2022-10-19,Brentford,0,0,Chelsea,1.3,0.9,1510.9599999999998,1605.5199999999995,1505.4399999999998,1611.0399999999995,1.0,1.0
528,2022,12,20.0,2022-10-19,Bournemouth,0,1,Southampton,1.0,1.0,1440.8799999999999,1438.72,1499.6,1380.0,1.0,1.0
232,2022,12,50.0,2022-10-20,Fulham,3,0,Aston Villa,2.1,1.2,1487.28,1390.96,1457.92,1420.32,2.0,1.0
639,2022,12,20.0,2022-10-20,Leicester City,2,0,Leeds United,0.8,1.3,1397.92,1374.7200000000003,1358.0,1414.6400000000003,1.0,1.0
10,2022,13,33.3,2022-10-22,Manchester City,3,1,Brighton,1.6,0.5,1643.12,1448.8799999999999,1625.12,1466.8799999999999,1.0,1.0
158,2022,13,46.7,2022-10-22,Nottingham Forest,1,0,Liverpool,1.9,1.6,1390.48,1522.16,1330.08,1582.5600000000002,2.0,1.0
84,2022,13,46.2,2022-10-22,Chelsea,1,1,Manchester Utd,1.1,0.8,1602.7199999999996,1641.1200000000001,1605.5199999999995,1638.3200000000002,1.0,1.0
380,2022,13,22.2,2022-10-22,Everton,3,0,Crystal Palace,1.4,0.9,1483.2000000000003,1456.8799999999999,1443.6800000000003,1496.3999999999999,1.0,1.0
233,2022,13,55.6,2022-10-23,Aston Villa,4,0,Brentford,2.8,0.9,1438.16,1463.7599999999998,1390.96,1510.9599999999998,3.0,1.0
344,2022,13,36.4,2022-10-23,Leeds United,2,3,Fulham,1.6,1.8,1341.0400000000002,1520.96,1374.7200000000003,1487.28,2.0,2.0
47,2022,13,25.0,2022-10-23,Southampton,1,1,Arsenal,0.7,1.0,1460.88,1690.56,1438.72,1712.72,1.0,1.0
455,2022,13,23.8,2022-10-23,Wolves,0,4,Leicester City,2.1,0.9,1347.52,1443.92,1393.52,1397.92,2.0,1.0
122,2022,13,38.5,2022-10-23,Tottenham,1,2,Newcastle Utd,1.6,1.2,1571.8399999999997,1645.2800000000002,1621.1199999999997,1596.0000000000002,2.0,1.0
492,2022,13,15.8,2022-10-24,West Ham,2,0,Bournemouth,1.9,0.4,1479.5200000000004,1407.9999999999998,1446.6400000000003,1440.8799999999999,2.0,0.0
308,2022,14,25.0,2022-10-29,Brentford,1,1,Wolves,1.4,0.6,1445.2799999999997,1366.0,1463.7599999999998,1347.52,1.0,1.0
159,2022,14,45.5,2022-10-29,Liverpool,1,2,Leeds United,1.7,1.8,1458.4,1404.8000000000002,1522.16,1341.0400000000002,1.0,2.0
345,2022,14,25.0,2022-10-29,Fulham,0,0,Everton,1.9,0.9,1510.32,1493.8400000000004,1520.96,1483.2000000000003,2.0,1.0
381,2022,14,25.0,2022-10-29,Crystal Palace,1,0,Southampton,0.9,1.3,1490.8,1426.96,1456.8799999999999,1460.88,1.0,1.0
123,2022,14,31.6,2022-10-29,Newcastle Utd,4,0,Aston Villa,3.4,0.4,1659.6000000000001,1423.8400000000001,1645.2800000000002,1438.16,3.0,0.0
196,2022,14,36.8,2022-10-29,Brighton,4,1,Chelsea,2.4,1.4,1499.76,1551.8399999999995,1448.8799999999999,1602.7199999999996,3.0,1.0
11,2022,14,33.3,2022-10-29,Leicester City,0,1,Manchester City,0.7,1.0,1419.44,1667.6,1443.92,1643.12,1.0,1.0
271,2022,14,30.4,2022-10-29,Bournemouth,2,3,Tottenham,0.5,2.0,1379.9199999999998,1599.9199999999996,1407.9999999999998,1571.8399999999997,1.0,2.0
48,2022,14,37.5,2022-10-30,Arsenal,5,0,Nottingham Forest,2.3,0.4,1699.6,1381.44,1690.56,1390.48,2.0,0.0
85,2022,14,18.8,2022-10-30,Manchester Utd,1,0,West Ham,1.2,1.1,1658.8000000000002,1461.8400000000004,1641.1200000000001,1479.5200000000004,1.0,1.0
12,2022,15,26.7,2022-11-05,Manchester City,2,1,Fulham,2.1,1.0,1685.6799999999998,1492.24,1667.6,1510.32,2.0,1.0
309,2022,15,20.0,2022-11-05,Nottingham Forest,2,2,Brentford,1.5,1.5,1382.24,1444.4799999999998,1381.44,1445.2799999999997,2.0,1.0
531,2022,15,55.6,2022-11-05,Leeds United,4,3,Bournemouth,2.2,1.5,1435.5200000000002,1349.1999999999998,1404.8000000000002,1379.9199999999998,2.0,2.0
197,2022,15,42.1,2022-11-05,Wolves,2,3,Brighton,1.2,1.5,1334.72,1531.04,1366.0,1499.76,1.0,1.0
605,2022,15,16.7,2022-11-05,Everton,0,2,Leicester City,1.2,2.3,1439.3600000000004,1473.92,1493.8400000000004,1419.44,1.0,2.0
160,2022,15,46.2,2022-11-06,Tottenham,1,2,Liverpool,1.2,1.2,1539.2799999999995,1519.0400000000002,1599.9199999999996,1458.4,1.0,1.0
382,2022,15,40.0,2022-11-06,West Ham,1,2,Crystal Palace,0.3,1.0,1418.6400000000003,1534.0,1461.8400000000004,1490.8,0.0,1.0
124,2022,15,57.1,2022-11-06,Southampton,1,4,Newcastle Utd,1.7,0.9,1405.6000000000001,1680.96,1426.96,1659.6000000000001,2.0,1.0
49,2022,15,14.3,2022-11-06,Chelsea,0,1,Arsenal,0.3,2.1,1522.0799999999995,1729.36,1551.8399999999995,1699.6,0.0,2.0
86,2022,15,37.5,2022-11-06,Aston Villa,3,1,Manchester Utd,0.6,0.5,1482.7200000000003,1599.92,1423.8400000000001,1658.8000000000002,1.0,0.0
383,2022,16,0.0,2022-11-12,Nottingham Forest,1,0,Crystal Palace,1.1,1.2,1432.88,1483.36,1382.24,1534.0,1.0,1.0
273,2022,16,50.0,2022-11-12,Tottenham,4,3,Leeds United,1.8,1.1,1561.9999999999995,1412.8000000000002,1539.2799999999995,1435.5200000000002,2.0,1.0
13,2022,16,20.7,2022-11-12,Manchester City,1,2,Brentford,1.6,1.3,1617.84,1512.3199999999997,1685.6799999999998,1444.4799999999998,1.0,2.0
50,2022,16,21.4,2022-11-12,Wolves,0,2,Arsenal,0.7,2.1,1324.72,1739.36,1334.72,1729.36,1.0,2.0
532,2022,16,50.0,2022-11-12,Bournemouth,3,0,Everton,2.4,0.8,1393.0399999999997,1395.5200000000004,1349.1999999999998,1439.3600000000004,3.0,1.0
495,2022,16,33.3,2022-11-12,West Ham,0,2,Leicester City,1.4,1.8,1378.4800000000002,1514.0800000000002,1418.6400000000003,1473.92,1.0,2.0
161,2022,16,46.7,2022-11-12,Liverpool,3,1,Southampton,1.9,1.1,1540.88,1383.7600000000002,1519.0400000000002,1405.6000000000001,2.0,1.0
125,2022,16,30.0,2022-11-12,Newcastle Utd,1,0,Chelsea,1.0,0.3,1698.88,1504.1599999999994,1680.96,1522.0799999999995,1.0,0.0
198,2022,16,28.6,2022-11-13,Brighton,1,2,Aston Villa,0.6,1.5,1479.28,1534.4800000000002,1531.04,1482.7200000000003,1.0,2.0
87,2022,16,64.3,2022-11-13,Fulham,1,2,Manchester Utd,1.4,2.5,1458.0,1634.16,1492.24,1599.92,2.0,2.0
162,2022,17,56.3,2022-12-26,Aston Villa,1,3,Liverpool,1.4,2.7,1488.7200000000003,1586.64,1534.4800000000002,1540.88,1.0,3.0
199,2022,17,57.1,2022-12-26,Southampton,1,3,Brighton,1.9,0.6,1348.1600000000003,1514.8799999999999,1383.7600000000002,1479.28,2.0,1.0
459,2022,17,57.1,2022-12-26,Everton,1,2,Wolves,1.7,0.8,1341.4400000000005,1378.8,1395.5200000000004,1324.72,2.0,1.0
51,2022,17,31.3,2022-12-26,Arsenal,3,1,West Ham,2.1,1.0,1746.0,1371.8400000000001,1739.36,1378.4800000000002,2.0,1.0
348,2022,17,43.5,2022-12-26,Crystal Palace,0,3,Fulham,0.4,2.5,1434.08,1507.28,1483.36,1458.0,0.0,3.0
126,2022,17,36.4,2022-12-26,Leicester City,0,3,Newcastle Utd,0.5,1.9,1488.16,1724.8000000000002,1514.0800000000002,1698.88,1.0,2.0
274,2022,17,53.3,2022-12-26,Brentford,2,2,Tottenham,2.0,1.1,1511.4399999999996,1562.8799999999997,1512.3199999999997,1561.9999999999995,2.0,1.0
421,2022,17,33.3,2022-12-27,Chelsea,2,0,Bournemouth,1.8,0.5,1526.1599999999994,1371.0399999999997,1504.1599999999994,1393.0399999999997,2.0,1.0
88,2022,17,47.1,2022-12-27,Manchester Utd,3,0,Nottingham Forest,2.4,0.7,1648.88,1418.16,1634.16,1432.88,2.0,1.0
14,2022,17,34.6,2022-12-28,Leeds United,1,3,Manchester City,0.6,4.3,1388.88,1641.76,1412.8000000000002,1617.84,1.0,4.0
312,2022,18,66.7,2022-12-30,West Ham,0,2,Brentford,1.3,1.6,1341.2,1542.0799999999997,1371.8400000000001,1511.4399999999996,1.0,1.0
163,2022,18,23.8,2022-12-30,Liverpool,2,1,Leicester City,2.2,1.0,1609.8400000000001,1464.96,1586.64,1488.16,2.0,1.0
15,2022,18,18.8,2022-12-31,Manchester City,1,1,Everton,1.7,0.1,1610.8,1372.4000000000005,1641.76,1341.4400000000005,1.0,0.0
52,2022,18,50.0,2022-12-31,Brighton,2,4,Arsenal,1.2,2.9,1493.4399999999998,1767.44,1514.8799999999999,1746.0,1.0,3.0
127,2022,18,31.3,2022-12-31,Newcastle Utd,0,0,Leeds United,2.2,0.4,1692.3200000000002,1421.3600000000001,1724.8000000000002,1388.88,2.0,0.0
89,2022,18,37.5,2022-12-31,Wolves,0,1,Manchester Utd,0.7,2.0,1360.6399999999999,1667.0400000000002,1378.8,1648.88,1.0,2.0
349,2022,18,14.3,2022-12-31,Fulham,2,1,Southampton,1.5,0.8,1525.2,1330.2400000000002,1507.28,1348.1600000000003,1.0,1.0
385,2022,18,40.0,2022-12-31,Bournemouth,0,2,Crystal Palace,0.6,1.6,1331.7599999999998,1473.36,1371.0399999999997,1434.08,1.0,2.0
238,2022,18,30.8,2023-01-01,Tottenham,0,2,Aston Villa,0.7,1.0,1508.4799999999996,1543.1200000000003,1562.8799999999997,1488.7200000000003,1.0,1.0
422,2022,18,28.6,2023-01-01,Nottingham Forest,1,1,Chelsea,1.4,0.9,1424.0,1520.3199999999995,1418.16,1526.1599999999994,2.0,1.0
164,2022,19,31.3,2023-01-02,Brentford,3,1,Liverpool,1.7,2.0,1583.2799999999997,1568.64,1542.0799999999997,1609.8400000000001,2.0,2.0
53,2022,19,23.5,2023-01-03,Arsenal,0,0,Newcastle Utd,1.1,1.0,1752.96,1706.8000000000002,1767.44,1692.3200000000002,1.0,1.0
350,2022,19,18.2,2023-01-03,Leicester City,0,1,Fulham,1.7,1.7,1425.3600000000001,1564.8,1464.96,1525.2,2.0,2.0
90,2022,19,33.3,2023-01-03,Manchester Utd,3,0,Bournemouth,2.2,0.6,1674.64,1324.1599999999999,1667.0400000000002,1331.7599999999998,2.0,1.0
201,2022,19,42.1,2023-01-03,Everton,1,4,Brighton,1.3,2.2,1339.6800000000005,1526.1599999999999,1372.4000000000005,1493.4399999999998,1.0,2.0
239,2022,19,23.1,2023-01-04,Aston Villa,1,1,Wolves,1.8,0.9,1519.2000000000003,1384.56,1543.1200000000003,1360.6399999999999,2.0,1.0
498,2022,19,7.1,2023-01-04,Leeds United,2,2,West Ham,1.6,1.4,1406.3200000000002,1356.24,1421.3600000000001,1341.2,2.0,1.0
572,2022,19,9.1,2023-01-04,Southampton,0,1,Nottingham Forest,0.5,1.4,1294.4800000000002,1459.76,1330.2400000000002,1424.0,1.0,1.0
276,2022,19,42.9,2023-01-04,Crystal Palace,0,4,Tottenham,0.8,1.4,1430.8799999999999,1550.9599999999996,1473.36,1508.4799999999996,1.0,1.0
16,2022,19,25.0,2023-01-05,Chelsea,0,1,Manchester City,0.4,2.1,1484.1599999999994,1646.96,1520.3199999999995,1610.8,0.0,2.0
351,2022,7,37.5,2023-01-12,Fulham,2,1,Chelsea,1.0,2.1,1589.76,1459.1999999999994,1564.8,1484.1599999999994,1.0,2.0
240,2022,20,45.5,2023-01-13,Aston Villa,2,1,Leeds United,1.2,2.4,1541.0400000000002,1384.4800000000002,1519.2000000000003,1406.3200000000002,1.0,3.0
573,2022,20,33.3,2023-01-14,Nottingham Forest,2,0,Leicester City,2.4,1.0,1489.44,1395.68,1459.76,1425.3600000000001,2.0,1.0
314,2022,20,27.3,2023-01-14,Brentford,2,0,Bournemouth,1.4,0.6,1594.3999999999996,1313.04,1583.2799999999997,1324.1599999999999,1.0,1.0
17,2022,20,20.0,2023-01-14,Manchester Utd,2,1,Manchester City,1.7,0.6,1705.0400000000002,1616.56,1674.64,1646.96,2.0,1.0
462,2022,20,23.5,2023-01-14,Wolves,1,0,West Ham,0.9,1.1,1414.96,1325.84,1384.56,1356.24,1.0,1.0
165,2022,20,33.3,2023-01-14,Brighton,3,0,Liverpool,1.9,1.0,1564.4799999999998,1530.3200000000002,1526.1599999999999,1568.64,2.0,1.0
610,2022,20,33.3,2023-01-14,Everton,1,2,Southampton,1.4,1.2,1288.2400000000005,1345.9200000000003,1339.6800000000005,1294.4800000000002,1.0,1.0
54,2022,20,35.7,2023-01-15,Tottenham,0,2,Arsenal,1.6,1.8,1526.7199999999996,1777.2,1550.9599999999996,1752.96,2.0,2.0
129,2022,20,25.0,2023-01-15,Newcastle Utd,1,0,Fulham,2.2,1.1,1728.3200000000002,1568.24,1706.8000000000002,1589.76,2.0,1.0
387,2022,20,50.0,2023-01-15,Chelsea,1,0,Crystal Palace,1.5,0.7,1489.5999999999995,1400.4799999999998,1459.1999999999994,1430.8799999999999,1.0,1.0
92,2022,7,26.7,2023-01-18,Crystal Palace,1,1,Manchester Utd,0.5,2.1,1424.9599999999998,1680.5600000000002,1400.4799999999998,1705.0400000000002,1.0,2.0
18,2022,7,37.5,2023-01-19,Manchester City,4,2,Tottenham,2.3,0.8,1640.56,1502.7199999999996,1616.56,1526.7199999999996,2.0,1.0
166,2022,21,20.0,2023-01-21,Liverpool,0,0,Chelsea,1.4,1.6,1519.3600000000001,1500.5599999999995,1530.3200000000002,1489.5999999999995,1.0,2.0
203,2022,21,30.8,2023-01-21,Leicester City,2,2,Brighton,0.9,1.7,1408.16,1551.9999999999998,1395.68,1564.4799999999998,1.0,2.0
130,2022,21,43.8,2023-01-21,Crystal Palace,0,0,Newcastle Utd,0.3,1.2,1449.36,1703.92,1424.9599999999998,1728.3200000000002,0.0,1.0
241,2022,21,31.3,2023-01-21,Southampton,0,1,Aston Villa,0.6,1.4,1321.0400000000002,1565.92,1345.9200000000003,1541.0400000000002,1.0,1.0
537,2022,21,18.8,2023-01-21,Bournemouth,1,1,Nottingham Forest,1.4,1.9,1326.24,1476.24,1313.04,1489.44,2.0,2.0
500,2022,21,36.4,2023-01-21,West Ham,2,0,Everton,2.2,0.5,1355.1999999999998,1258.8800000000006,1325.84,1288.2400000000005,2.0,1.0
55,2022,21,20.0,2023-01-22,Arsenal,3,2,Manchester Utd,3.1,0.4,1800.56,1657.2000000000003,1777.2,1680.5600000000002,3.0,0.0
19,2022,21,41.7,2023-01-22,Manchester City,3,0,Wolves,2.8,0.8,1653.6799999999998,1401.8400000000001,1640.56,1414.96,2.0,1.0
315,2022,21,0.0,2023-01-22,Leeds United,0,0,Brentford,0.5,0.4,1401.0400000000002,1577.8399999999997,1384.4800000000002,1594.3999999999996,1.0,0.0
279,2022,21,30.0,2023-01-23,Fulham,0,1,Tottenham,1.0,0.9,1514.72,1556.2399999999996,1568.24,1502.7199999999996,1.0,1.0
354,2022,22,40.0,2023-02-03,Chelsea,0,0,Fulham,1.3,0.6,1495.6799999999994,1519.6000000000001,1500.5599999999995,1514.72,1.0,1.0
131,2022,22,25.0,2023-02-04,Newcastle Utd,1,1,West Ham,1.0,1.0,1670.96,1388.1599999999999,1703.92,1355.1999999999998,1.0,1.0
167,2022,22,9.1,2023-02-04,Wolves,3,0,Liverpool,2.0,1.8,1448.7200000000003,1472.48,1401.8400000000001,1519.3600000000001,2.0,2.0
316,2022,22,21.4,2023-02-04,Brentford,3,0,Southampton,2.2,0.7,1589.1199999999997,1309.7600000000002,1577.8399999999997,1321.0400000000002,2.0,1.0
242,2022,22,21.1,2023-02-04,Aston Villa,2,4,Leicester City,1.7,2.6,1503.92,1470.16,1565.92,1408.16,2.0,3.0
56,2022,22,13.3,2023-02-04,Everton,1,0,Arsenal,1.7,0.9,1334.2400000000005,1725.2,1258.8800000000006,1800.56,2.0,1.0
204,2022,22,30.0,2023-02-04,Brighton,1,0,Bournemouth,2.2,1.1,1565.1199999999997,1313.1200000000001,1551.9999999999998,1326.24,2.0,1.0
94,2022,22,30.8,2023-02-04,Manchester Utd,2,1,Crystal Palace,2.0,1.3,1671.5200000000002,1435.04,1657.2000000000003,1449.36,2.0,1.0
575,2022,22,33.3,2023-02-05,Nottingham Forest,1,0,Leeds United,0.4,0.9,1501.68,1375.6000000000001,1476.24,1401.0400000000002,0.0,1.0
20,2022,22,33.3,2023-02-05,Tottenham,1,0,Manchester City,1.4,1.3,1600.8799999999997,1609.0399999999997,1556.2399999999996,1653.6799999999998,1.0,1.0
95,2022,8,25.0,2023-02-08,Manchester Utd,2,2,Leeds United,2.0,0.6,1640.8000000000002,1406.3200000000002,1671.5200000000002,1375.6000000000001,2.0,1.0
465,2022,23,9.1,2023-02-11,Southampton,1,2,Wolves,1.1,0.8,1279.0400000000002,1479.4400000000003,1309.7600000000002,1448.7200000000003,1.0,1.0
57,2022,23,30.4,2023-02-11,Arsenal,1,1,Brentford,1.6,2.0,1705.04,1609.2799999999997,1725.2,1589.1199999999997,1.0,2.0
428,2022,23,33.3,2023-02-11,West Ham,1,1,Chelsea,1.3,1.1,1393.9199999999998,1489.9199999999994,1388.1599999999999,1495.6799999999994,1.0,1.0
281,2022,23,36.4,2023-02-11,Leicester City,4,1,Tottenham,1.7,1.3,1518.5600000000002,1552.4799999999996,1470.16,1600.8799999999997,2.0,1.0
132,2022,23,46.7,2023-02-11,Bournemouth,1,1,Newcastle Utd,1.5,1.3,1341.1200000000001,1642.96,1313.1200000000001,1670.96,2.0,1.0
355,2022,23,18.8,2023-02-11,Fulham,2,0,Nottingham Forest,1.5,0.7,1551.1200000000001,1470.16,1519.6000000000001,1501.68,1.0,1.0
205,2022,23,41.2,2023-02-11,Crystal Palace,1,1,Brighton,1.1,2.5,1443.36,1556.7999999999997,1435.04,1565.1199999999997,1.0,2.0
96,2022,23,45.5,2023-02-12,Leeds United,0,2,Manchester Utd,1.8,1.1,1385.1200000000001,1662.0000000000002,1406.3200000000002,1640.8000000000002,2.0,1.0
21,2022,23,43.8,2023-02-12,Manchester City,3,1,Aston Villa,3.3,0.3,1631.5999999999997,1481.3600000000001,1609.0399999999997,1503.92,3.0,0.0
168,2022,23,40.0,2023-02-13,Liverpool,2,0,Everton,2.3,0.4,1492.08,1314.6400000000006,1472.48,1334.2400000000005,2.0,0.0
22,2022,12,55.6,2023-02-15,Arsenal,1,3,Manchester City,1.6,1.8,1650.72,1685.9199999999996,1705.04,1631.5999999999997,2.0,2.0
318,2022,24,41.7,2023-02-18,Brentford,1,1,Crystal Palace,0.9,1.1,1586.6399999999996,1466.0,1609.2799999999997,1443.36,1.0,1.0
614,2022,24,26.7,2023-02-18,Everton,1,0,Leeds United,1.4,0.5,1356.1600000000005,1343.6000000000001,1314.6400000000006,1385.1200000000001,1.0,0.0
133,2022,24,28.6,2023-02-18,Newcastle Utd,0,2,Liverpool,2.0,1.9,1581.52,1553.52,1642.96,1492.08,2.0,2.0
59,2022,24,25.0,2023-02-18,Aston Villa,2,4,Arsenal,0.5,3.2,1453.8400000000001,1678.24,1481.3600000000001,1650.72,1.0,3.0
206,2022,24,33.3,2023-02-18,Brighton,0,1,Fulham,2.2,0.3,1509.6799999999998,1598.24,1556.7999999999997,1551.1200000000001,2.0,0.0
466,2022,24,26.7,2023-02-18,Wolves,0,1,Bournemouth,1.3,1.1,1419.0400000000002,1401.5200000000002,1479.4400000000003,1341.1200000000001,1.0,1.0
429,2022,24,23.5,2023-02-18,Chelsea,0,1,Southampton,1.6,0.6,1423.9999999999993,1344.9600000000003,1489.9199999999994,1279.0400000000002,1.0,1.0
23,2022,24,26.1,2023-02-18,Nottingham Forest,1,1,Manchester City,0.9,2.4,1487.28,1668.7999999999997,1470.16,1685.9199999999996,1.0,2.0
97,2022,24,30.8,2023-02-19,Manchester Utd,3,0,Leicester City,4.4,1.6,1681.2000000000003,1499.3600000000001,1662.0000000000002,1518.5600000000002,4.0,2.0
282,2022,24,37.5,2023-02-19,Tottenham,2,0,West Ham,1.5,0.5,1570.3999999999996,1375.9999999999998,1552.4799999999996,1393.9199999999998,1.0,1.0
357,2022,25,50.0,2023-02-24,Fulham,1,1,Wolves,0.5,0.8,1574.56,1442.7200000000003,1598.24,1419.0400000000002,0.0,1.0
504,2022,25,27.8,2023-02-25,West Ham,4,0,Nottingham Forest,2.7,0.4,1422.1599999999999,1441.12,1375.9999999999998,1487.28,3.0,0.0
689,2022,25,28.6,2023-02-25,Leeds United,1,0,Southampton,0.9,0.4,1377.2800000000002,1311.2800000000002,1343.6000000000001,1344.9600000000003,1.0,0.0
245,2022,25,50.0,2023-02-25,Everton,0,2,Aston Villa,1.6,1.9,1320.8000000000006,1489.2,1356.1600000000005,1453.8400000000001,2.0,2.0
24,2022,25,25.0,2023-02-25,Bournemouth,1,4,Manchester City,1.0,2.4,1383.1200000000001,1687.1999999999998,1401.5200000000002,1668.7999999999997,1.0,2.0
170,2022,25,33.3,2023-02-25,Crystal Palace,0,0,Liverpool,0.7,0.9,1469.52,1550.0,1466.0,1553.52,1.0,1.0
60,2022,25,20.0,2023-02-25,Leicester City,0,1,Arsenal,0.0,0.7,1472.88,1704.72,1499.3600000000001,1678.24,0.0,1.0
283,2022,25,37.5,2023-02-26,Tottenham,2,0,Chelsea,0.8,0.4,1589.3599999999997,1405.0399999999993,1570.3999999999996,1423.9999999999993,1.0,0.0
171,2022,7,40.0,2023-03-01,Liverpool,2,0,Wolves,2.6,0.8,1572.4,1420.3200000000002,1550.0,1442.7200000000003,2.0,1.0
61,2022,7,33.3,2023-03-01,Arsenal,4,0,Everton,2.6,1.2,1710.56,1314.9600000000007,1704.72,1320.8000000000006,2.0,2.0
284,2022,26,28.6,2023-03-04,Wolves,1,0,Tottenham,0.5,1.2,1472.8000000000002,1536.8799999999997,1420.3200000000002,1589.3599999999997,1.0,1.0
246,2022,26,12.5,2023-03-04,Aston Villa,1,0,Crystal Palace,1.2,0.2,1520.48,1438.24,1489.2,1469.52,1.0,0.0
207,2022,26,42.1,2023-03-04,Brighton,4,0,West Ham,3.5,0.3,1533.9199999999998,1397.9199999999998,1509.6799999999998,1422.1599999999999,3.0,0.0
62,2022,26,29.0,2023-03-04,Arsenal,3,2,Bournemouth,2.1,1.3,1718.48,1375.2,1710.56,1383.1200000000001,2.0,2.0
431,2022,26,23.1,2023-03-04,Chelsea,1,0,Leeds United,1.5,1.0,1435.4399999999994,1346.88,1405.0399999999993,1377.2800000000002,1.0,1.0
25,2022,26,27.3,2023-03-04,Manchester City,2,0,Newcastle Utd,1.3,0.4,1709.7599999999998,1558.96,1687.1999999999998,1581.52,1.0,0.0
653,2022,26,0.0,2023-03-04,Southampton,1,0,Leicester City,1.4,1.9,1362.9600000000003,1421.2,1311.2800000000002,1472.88,2.0,2.0
98,2022,26,50.0,2023-03-05,Liverpool,7,0,Manchester Utd,2.8,0.8,1618.3200000000002,1635.2800000000002,1572.4,1681.2000000000003,3.0,1.0
579,2022,26,40.0,2023-03-05,Nottingham Forest,2,2,Everton,0.8,1.7,1421.76,1334.3200000000006,1441.12,1314.9600000000007,1.0,2.0
319,2022,26,38.5,2023-03-06,Brentford,3,2,Fulham,2.2,1.4,1618.7999999999997,1542.3999999999999,1586.6399999999996,1574.56,2.0,1.0
173,2022,27,35.7,2023-03-11,Bournemouth,1,0,Liverpool,0.9,1.7,1434.8,1558.7200000000003,1375.2,1618.3200000000002,1.0,1.0
320,2022,27,25.0,2023-03-11,Everton,1,0,Brentford,1.0,2.0,1397.2800000000007,1555.8399999999997,1334.3200000000006,1618.7999999999997,1.0,2.0
208,2022,27,20.0,2023-03-11,Leeds United,2,2,Brighton,0.9,2.7,1361.2,1519.6,1346.88,1533.9199999999998,1.0,2.0
432,2022,27,50.0,2023-03-11,Leicester City,1,3,Chelsea,2.4,1.6,1376.32,1480.3199999999995,1421.2,1435.4399999999994,2.0,2.0
26,2022,27,23.1,2023-03-11,Crystal Palace,0,1,Manchester City,0.2,2.1,1420.24,1727.7599999999998,1438.24,1709.7599999999998,0.0,2.0
285,2022,27,42.9,2023-03-11,Tottenham,3,1,Nottingham Forest,2.0,1.5,1558.5599999999997,1400.08,1536.8799999999997,1421.76,2.0,2.0
247,2022,27,33.3,2023-03-12,West Ham,1,1,Aston Villa,2.1,1.5,1405.36,1513.04,1397.9199999999998,1520.48,2.0,1.0
99,2022,27,40.0,2023-03-12,Manchester Utd,0,0,Southampton,0.8,1.0,1605.7600000000002,1392.4800000000002,1635.2800000000002,1362.9600000000003,1.0,1.0
135,2022,27,42.1,2023-03-12,Newcastle Utd,2,1,Wolves,1.8,1.1,1583.3600000000001,1448.4,1558.96,1472.8000000000002,2.0,1.0
63,2022,27,46.7,2023-03-12,Fulham,0,3,Arsenal,0.8,2.3,1515.6,1745.28,1542.3999999999999,1718.48,1.0,2.0
209,2022,8,45.5,2023-03-15,Brighton,1,0,Crystal Palace,0.6,1.1,1542.7199999999998,1397.12,1519.6,1420.24,1.0,1.0
321,2022,7,36.4,2023-03-15,Southampton,0,2,Brentford,0.5,1.9,1364.3200000000002,1583.9999999999998,1392.4800000000002,1555.8399999999997,1.0,2.0
136,2022,28,21.4,2023-03-17,Nottingham Forest,1,2,Newcastle Utd,0.4,2.4,1374.0,1609.44,1400.08,1583.3600000000001,0.0,2.0
471,2022,28,34.8,2023-03-18,Wolves,2,4,Leeds United,2.7,1.6,1392.72,1416.88,1448.4,1361.2,3.0,2.0
322,2022,28,18.2,2023-03-18,Brentford,1,1,Leicester City,0.6,1.3,1558.3199999999997,1402.0,1583.9999999999998,1376.32,1.0,1.0
248,2022,28,45.0,2023-03-18,Aston Villa,3,0,Bournemouth,3.5,1.3,1538.24,1409.6,1513.04,1434.8,3.0,1.0
286,2022,28,17.6,2023-03-18,Southampton,3,3,Tottenham,2.4,2.3,1379.3600000000001,1543.5199999999998,1364.3200000000002,1558.5599999999997,3.0,2.0
433,2022,28,31.6,2023-03-18,Chelsea,2,2,Everton,2.3,1.2,1465.0399999999995,1412.5600000000006,1480.3199999999995,1397.2800000000007,2.0,1.0
64,2022,28,33.3,2023-03-19,Arsenal,4,1,Crystal Palace,1.6,0.8,1752.32,1390.08,1745.28,1397.12,1.0,1.0
472,2022,29,12.5,2023-04-01,Nottingham Forest,1,1,Wolves,1.3,0.5,1369.6,1397.1200000000001,1374.0,1392.72,1.0,0.0
65,2022,29,33.3,2023-04-01,Arsenal,4,1,Leeds United,3.8,0.7,1759.9199999999998,1409.2800000000002,1752.32,1416.88,3.0,1.0
398,2022,29,29.0,2023-04-01,Crystal Palace,2,1,Leicester City,2.3,0.2,1424.8799999999999,1367.2,1390.08,1402.0,2.0,0.0
27,2022,29,47.1,2023-04-01,Manchester City,4,1,Liverpool,2.9,0.3,1744.8799999999997,1541.6000000000004,1727.7599999999998,1558.7200000000003,3.0,0.0
360,2022,29,20.0,2023-04-01,Bournemouth,2,1,Fulham,2.6,0.8,1455.1999999999998,1470.0,1409.6,1515.6,3.0,1.0
210,2022,29,40.6,2023-04-01,Brighton,3,3,Brentford,4.2,1.6,1537.9999999999998,1563.0399999999997,1542.7199999999998,1558.3199999999997,4.0,2.0
249,2022,29,40.0,2023-04-01,Chelsea,0,2,Aston Villa,2.1,0.9,1426.8799999999994,1576.4,1465.0399999999995,1538.24,2.0,1.0
100,2022,29,16.7,2023-04-02,Newcastle Utd,2,0,Manchester Utd,3.7,0.4,1642.56,1572.6400000000003,1609.44,1605.7600000000002,4.0,0.0
507,2022,29,16.7,2023-04-02,West Ham,1,0,Southampton,1.4,0.3,1436.0,1348.72,1405.36,1379.3600000000001,1.0,0.0
287,2022,29,0.0,2023-04-03,Everton,1,1,Tottenham,0.9,1.4,1420.9600000000007,1535.1199999999997,1412.5600000000006,1543.5199999999998,1.0,1.0
211,2022,7,37.5,2023-04-04,Bournemouth,0,2,Brighton,1.7,2.7,1418.1599999999999,1575.0399999999997,1455.1999999999998,1537.9999999999998,2.0,3.0
175,2022,8,42.9,2023-04-04,Chelsea,0,0,Liverpool,2.2,0.3,1433.4399999999994,1535.0400000000004,1426.8799999999994,1541.6000000000004,2.0,0.0
583,2022,7,7.7,2023-04-04,Leeds United,2,1,Nottingham Forest,1.8,0.8,1438.4,1340.48,1409.2800000000002,1369.6,2.0,1.0
250,2022,7,33.3,2023-04-04,Leicester City,1,2,Aston Villa,0.5,1.0,1343.68,1599.92,1367.2,1576.4,1.0,1.0
101,2022,25,16.7,2023-04-05,Manchester Utd,1,0,Brentford,1.2,0.7,1605.0400000000004,1530.6399999999996,1572.6400000000003,1563.0399999999997,1.0,1.0
138,2022,7,46.7,2023-04-05,West Ham,1,5,Newcastle Utd,1.0,3.3,1412.24,1666.32,1436.0,1642.56,1.0,3.0
102,2022,30,37.9,2023-04-08,Manchester Utd,2,0,Everton,3.4,1.0,1621.0400000000004,1404.9600000000007,1605.0400000000004,1420.9600000000007,3.0,1.0
212,2022,30,23.5,2023-04-08,Tottenham,2,1,Brighton,0.8,1.4,1573.1199999999997,1537.0399999999997,1535.1199999999997,1575.0399999999997,1.0,1.0
139,2022,30,40.0,2023-04-08,Brentford,1,2,Newcastle Utd,2.6,1.3,1499.5199999999998,1697.4399999999998,1530.6399999999996,1666.32,3.0,1.0
251,2022,30,37.5,2023-04-08,Aston Villa,2,0,Nottingham Forest,1.3,0.2,1611.04,1329.3600000000001,1599.92,1340.48,1.0,0.0
436,2022,30,7.7,2023-04-08,Wolves,1,0,Chelsea,0.6,1.1,1434.72,1395.8399999999995,1397.1200000000001,1433.4399999999994,1.0,1.0
547,2022,30,36.8,2023-04-08,Leicester City,0,1,Bournemouth,0.7,2.0,1305.68,1456.1599999999999,1343.68,1418.1599999999999,1.0,2.0
361,2022,30,18.8,2023-04-08,Fulham,0,1,West Ham,0.7,1.1,1417.28,1464.96,1470.0,1412.24,1.0,1.0
28,2022,30,58.3,2023-04-08,Southampton,1,4,Manchester City,0.4,2.9,1338.8,1754.7999999999997,1348.72,1744.8799999999997,1.0,2.0
66,2022,30,55.6,2023-04-09,Liverpool,2,2,Arsenal,3.9,1.4,1552.9600000000005,1741.9999999999998,1535.0400000000004,1759.9199999999998,4.0,1.0
399,2022,30,43.8,2023-04-09,Leeds United,1,5,Crystal Palace,0.9,3.0,1390.4,1472.8799999999999,1438.4,1424.8799999999999,1.0,3.0
289,2022,31,33.3,2023-04-15,Tottenham,2,3,Bournemouth,2.2,1.3,1514.6399999999996,1514.6399999999999,1573.1199999999997,1456.1599999999999,2.0,1.0
29,2022,31,27.3,2023-04-15,Manchester City,3,1,Leicester City,1.6,2.3,1758.8799999999997,1301.6000000000001,1754.7999999999997,1305.68,1.0,3.0
140,2022,31,25.0,2023-04-15,Aston Villa,3,0,Newcastle Utd,1.9,0.5,1654.3999999999999,1654.08,1611.04,1697.4399999999998,2.0,0.0
362,2022,31,33.3,2023-04-15,Everton,1,3,Fulham,1.4,1.8,1359.8400000000008,1462.3999999999999,1404.9600000000007,1417.28,1.0,2.0
400,2022,31,20.0,2023-04-15,Southampton,0,2,Crystal Palace,0.8,0.9,1307.52,1504.1599999999999,1338.8,1472.8799999999999,1.0,1.0
326,2022,31,30.0,2023-04-15,Wolves,2,0,Brentford,0.8,1.1,1475.6000000000001,1458.6399999999996,1434.72,1499.5199999999998,1.0,1.0
213,2022,31,38.5,2023-04-15,Chelsea,1,2,Brighton,0.5,2.9,1365.3599999999994,1567.5199999999998,1395.8399999999995,1537.0399999999997,1.0,3.0
103,2022,31,31.8,2023-04-16,Nottingham Forest,0,2,Manchester Utd,0.7,3.5,1312.88,1637.5200000000004,1329.3600000000001,1621.0400000000004,1.0,3.0
67,2022,31,50.0,2023-04-16,West Ham,2,2,Arsenal,1.8,2.7,1487.3600000000001,1719.5999999999997,1464.96,1741.9999999999998,2.0,2.0
177,2022,31,53.8,2023-04-17,Leeds United,1,6,Liverpool,1.4,2.7,1362.16,1581.2000000000005,1390.4,1552.9600000000005,2.0,2.0
68,2022,32,20.0,2023-04-21,Arsenal,3,3,Southampton,2.5,1.3,1684.6399999999996,1342.48,1719.5999999999997,1307.52,2.0,2.0
401,2022,32,16.7,2023-04-22,Crystal Palace,0,0,Everton,0.5,0.4,1483.2799999999997,1380.720000000001,1504.1599999999999,1359.8400000000008,0.0,0.0
363,2022,32,41.7,2023-04-22,Fulham,2,1,Leeds United,1.7,0.8,1485.4399999999998,1339.1200000000001,1462.3999999999999,1362.16,2.0,1.0
253,2022,32,14.3,2023-04-22,Brentford,1,1,Aston Villa,2.7,1.5,1473.8399999999997,1639.1999999999998,1458.6399999999996,1654.3999999999999,3.0,1.0
475,2022,32,18.8,2023-04-22,Leicester City,2,1,Wolves,2.4,0.9,1354.5600000000002,1422.64,1301.6000000000001,1475.6000000000001,3.0,1.0
178,2022,32,27.8,2023-04-22,Liverpool,3,2,Nottingham Forest,2.8,0.9,1591.8400000000006,1302.24,1581.2000000000005,1312.88,2.0,1.0
511,2022,32,55.6,2023-04-23,Bournemouth,0,4,West Ham,1.5,2.4,1465.12,1536.88,1514.6399999999999,1487.3600000000001,1.0,2.0
141,2022,32,32.0,2023-04-23,Newcastle Utd,6,1,Tottenham,3.7,1.0,1673.6,1495.1199999999997,1654.08,1514.6399999999996,3.0,1.0
661,2022,33,20.0,2023-04-25,Leeds United,1,1,Leicester City,1.5,2.1,1334.3200000000002,1359.3600000000001,1339.1200000000001,1354.5600000000002,2.0,2.0
254,2022,33,21.4,2023-04-25,Aston Villa,1,0,Fulham,1.0,0.1,1657.5199999999998,1467.12,1639.1999999999998,1485.4399999999998,1.0,0.0
402,2022,33,28.6,2023-04-25,Wolves,2,0,Crystal Palace,1.4,0.8,1463.0400000000002,1442.8799999999997,1422.64,1483.2799999999997,1.0,1.0
30,2022,33,64.3,2023-04-26,Manchester City,4,1,Arsenal,2.5,0.5,1784.4799999999996,1659.0399999999997,1758.8799999999997,1684.6399999999996,2.0,1.0
214,2022,33,41.2,2023-04-26,Nottingham Forest,3,1,Brighton,2.4,2.3,1363.68,1506.0799999999997,1302.24,1567.5199999999998,3.0,2.0
179,2022,33,20.0,2023-04-26,West Ham,1,2,Liverpool,0.8,1.9,1496.64,1632.0800000000006,1536.88,1591.8400000000006,1.0,2.0
328,2022,33,14.3,2023-04-26,Chelsea,0,2,Brentford,1.3,1.1,1331.2799999999995,1507.9199999999996,1365.3599999999994,1473.8399999999997,1.0,1.0
104,2022,33,41.2,2023-04-27,Tottenham,2,2,Manchester Utd,2.5,2.0,1504.7199999999996,1627.9200000000005,1495.1199999999997,1637.5200000000004,3.0,2.0
550,2022,33,12.5,2023-04-27,Southampton,0,1,Bournemouth,0.5,0.9,1309.92,1497.6799999999998,1342.48,1465.12,1.0,1.0
142,2022,33,46.7,2023-04-27,Everton,1,4,Newcastle Utd,0.9,2.4,1364.3200000000008,1690.0,1380.720000000001,1673.6,1.0,2.0
329,2022,34,57.1,2023-04-29,Brentford,2,1,Nottingham Forest,1.6,0.7,1527.0399999999995,1344.5600000000002,1507.9199999999996,1363.68,1.0,1.0
215,2022,34,36.4,2023-04-29,Brighton,6,0,Wolves,3.3,0.8,1534.8799999999997,1434.2400000000002,1506.0799999999997,1463.0400000000002,3.0,1.0
403,2022,34,33.3,2023-04-29,Crystal Palace,4,3,West Ham,2.1,1.7,1482.4799999999996,1457.0400000000002,1442.8799999999997,1496.64,2.0,2.0
143,2022,34,22.7,2023-04-30,Newcastle Utd,3,1,Southampton,4.3,0.8,1696.0,1303.92,1690.0,1309.92,3.0,1.0
31,2022,34,72.7,2023-04-30,Fulham,1,2,Manchester City,0.2,2.5,1452.4799999999998,1799.1199999999997,1467.12,1784.4799999999996,0.0,2.0
551,2022,34,58.3,2023-04-30,Bournemouth,4,1,Leeds United,1.9,1.6,1515.2799999999997,1316.7200000000003,1497.6799999999998,1334.3200000000002,2.0,2.0
180,2022,34,27.3,2023-04-30,Liverpool,4,3,Tottenham,2.2,2.0,1652.6400000000006,1484.1599999999996,1632.0800000000006,1504.7199999999996,2.0,2.0
105,2022,34,42.9,2023-04-30,Manchester Utd,1,0,Aston Villa,1.2,0.6,1664.8000000000006,1620.6399999999999,1627.9200000000005,1657.5199999999998,1.0,1.0
625,2022,34,31.8,2023-05-01,Leicester City,2,2,Everton,3.4,3.1,1353.44,1370.240000000001,1359.3600000000001,1364.3200000000008,3.0,3.0
70,2022,34,56.3,2023-05-02,Arsenal,3,1,Chelsea,1.7,0.8,1666.8799999999997,1323.4399999999996,1659.0399999999997,1331.2799999999995,1.0,1.0
181,2022,28,14.3,2023-05-03,Liverpool,1,0,Fulham,1.8,0.9,1667.4400000000005,1437.6799999999998,1652.6400000000006,1452.4799999999998,2.0,1.0
32,2022,28,43.8,2023-05-03,Manchester City,3,0,West Ham,2.3,0.4,1806.3999999999996,1449.7600000000002,1799.1199999999997,1457.0400000000002,2.0,0.0
106,2022,28,31.3,2023-05-04,Brighton,1,0,Manchester Utd,2.3,1.4,1583.1199999999997,1616.5600000000006,1534.8799999999997,1664.8000000000006,2.0,1.0
440,2022,35,45.5,2023-05-06,Bournemouth,1,3,Chelsea,1.2,1.3,1450.7199999999998,1387.9999999999995,1515.2799999999997,1323.4399999999996,1.0,1.0
256,2022,35,18.8,2023-05-06,Wolves,1,0,Aston Villa,0.8,1.5,1488.4800000000002,1566.3999999999999,1434.2400000000002,1620.6399999999999,1.0,1.0
182,2022,35,33.3,2023-05-06,Liverpool,1,0,Brentford,2.2,0.2,1686.8800000000006,1507.5999999999995,1667.4400000000005,1527.0399999999995,2.0,0.0
33,2022,35,35.3,2023-05-06,Manchester City,2,1,Leeds United,2.6,0.2,1809.6799999999996,1313.4400000000003,1806.3999999999996,1316.7200000000003,2.0,0.0
293,2022,35,37.5,2023-05-06,Tottenham,1,0,Crystal Palace,0.9,0.4,1517.4399999999996,1449.1999999999996,1484.1599999999996,1482.4799999999996,1.0,0.0
107,2022,35,21.1,2023-05-07,West Ham,1,0,Manchester Utd,1.3,1.2,1502.0000000000002,1564.3200000000006,1449.7600000000002,1616.5600000000006,1.0,1.0
71,2022,35,60.0,2023-05-07,Newcastle Utd,0,2,Arsenal,1.3,1.3,1646.32,1716.5599999999997,1696.0,1666.8799999999997,1.0,1.0
217,2022,35,21.7,2023-05-08,Brighton,1,5,Everton,3.2,2.3,1517.1199999999997,1436.240000000001,1583.1199999999997,1370.240000000001,3.0,3.0
589,2022,35,37.5,2023-05-08,Nottingham Forest,4,3,Southampton,1.8,3.1,1373.6000000000001,1274.88,1344.5600000000002,1303.92,2.0,3.0
367,2022,35,41.2,2023-05-08,Fulham,5,3,Leicester City,1.6,2.8,1462.2399999999998,1328.88,1437.6799999999998,1353.44,2.0,3.0
145,2022,36,18.8,2023-05-13,Leeds United,2,2,Newcastle Utd,2.1,2.4,1339.8400000000004,1619.9199999999998,1313.4400000000003,1646.32,3.0,2.0
368,2022,36,33.3,2023-05-13,Southampton,0,2,Fulham,0.4,1.4,1249.2,1487.9199999999998,1274.88,1462.2399999999998,0.0,1.0
108,2022,36,33.3,2023-05-13,Manchester Utd,2,0,Wolves,3.2,0.3,1589.7600000000007,1463.0400000000002,1564.3200000000006,1488.4800000000002,3.0,0.0
405,2022,36,29.4,2023-05-13,Crystal Palace,2,0,Bournemouth,1.5,0.3,1482.8799999999997,1417.0399999999997,1449.1999999999996,1450.7199999999998,2.0,0.0
441,2022,36,42.9,2023-05-13,Chelsea,2,2,Nottingham Forest,1.2,1.3,1379.9199999999996,1381.68,1387.9999999999995,1373.6000000000001,1.0,1.0
257,2022,36,50.0,2023-05-13,Aston Villa,2,1,Tottenham,1.2,1.4,1594.56,1489.2799999999995,1566.3999999999999,1517.4399999999996,1.0,1.0
72,2022,36,14.3,2023-05-14,Arsenal,0,3,Brighton,0.9,1.7,1651.4399999999998,1582.2399999999996,1716.5599999999997,1517.1199999999997,1.0,2.0
331,2022,36,37.5,2023-05-14,Brentford,2,0,West Ham,3.4,0.2,1540.4799999999996,1469.1200000000001,1507.5999999999995,1502.0000000000002,3.0,0.0
34,2022,36,44.4,2023-05-14,Everton,0,3,Manchester City,1.6,0.8,1425.120000000001,1820.7999999999995,1436.240000000001,1809.6799999999996,2.0,1.0
183,2022,36,31.3,2023-05-15,Leicester City,0,3,Liverpool,0.4,2.2,1316.88,1698.8800000000006,1328.88,1686.8800000000006,1.0,2.0
146,2022,25,36.4,2023-05-18,Newcastle Utd,4,1,Brighton,3.6,0.5,1649.2799999999997,1552.8799999999997,1619.9199999999998,1582.2399999999996,4.0,1.0
73,2022,37,27.3,2023-05-20,Nottingham Forest,1,0,Arsenal,0.6,0.6,1443.52,1589.6,1381.68,1651.4399999999998,1.0,1.0
369,2022,37,30.0,2023-05-20,Fulham,2,2,Crystal Palace,1.7,1.6,1480.8799999999999,1489.9199999999996,1487.9199999999998,1482.8799999999997,2.0,2.0
109,2022,37,25.0,2023-05-20,Bournemouth,0,1,Manchester Utd,1.0,1.4,1389.9199999999998,1616.8800000000006,1417.0399999999997,1589.7600000000007,1.0,1.0
295,2022,37,31.8,2023-05-20,Tottenham,1,3,Brentford,1.8,1.3,1448.6399999999994,1581.1199999999997,1489.2799999999995,1540.4799999999996,2.0,1.0
184,2022,37,50.0,2023-05-20,Liverpool,1,1,Aston Villa,0.7,1.3,1681.5200000000007,1611.9199999999998,1698.8800000000006,1594.56,1.0,1.0
480,2022,37,38.5,2023-05-20,Wolves,1,1,Everton,1.6,2.0,1452.4,1435.7600000000011,1463.0400000000002,1425.120000000001,2.0,2.0
517,2022,37,47.4,2023-05-21,West Ham,3,1,Leeds United,2.1,0.9,1489.5200000000002,1319.4400000000003,1469.1200000000001,1339.8400000000004,2.0,1.0
220,2022,37,30.8,2023-05-21,Brighton,3,1,Southampton,2.5,0.6,1561.7599999999998,1240.32,1552.8799999999997,1249.2,2.0,1.0
35,2022,37,13.3,2023-05-21,Manchester City,1,0,Chelsea,1.2,1.2,1825.1199999999994,1375.5999999999997,1820.7999999999995,1379.9199999999996,1.0,2.0
147,2022,37,13.0,2023-05-22,Newcastle Utd,0,0,Leicester City,2.1,0.1,1616.9599999999998,1349.2,1649.2799999999997,1316.88,2.0,0.0
36,2022,32,30.8,2023-05-24,Brighton,1,1,Manchester City,2.2,1.8,1583.0399999999997,1803.8399999999995,1561.7599999999998,1825.1199999999994,3.0,2.0
110,2022,32,47.1,2023-05-25,Manchester Utd,4,1,Chelsea,5.2,1.9,1629.0400000000006,1363.4399999999996,1616.8800000000006,1375.5999999999997,4.0,2.0
