,Tarih,Maç Haftası,EvSahibi,Deplasman,Ev Gol,Deplasman Gol,Ev Tahmin Edilen Gol,Deplasman Tahmin Edilen Gol,Doğru Skor,Tahmin Edilen Sonuç,Gerçek Durum,Tahmin Edilen MS,B365H,B365D,B365A,MS EV,MS BERABERLIK,MS DEPLASMAN,2.5 Üstü,KG Var,Kayıp-Kazanç
0,2022-08-05,1,Crystal Palace,Arsenal,0,2,0,1,0,0.0,Deplasman,Beraberlik,4.2,3.6,1.85,0.23793008220303552,0.3920675094129835,0.3700024083783412,0.37688521055939844,0.4909340497352611,0.0
1,2022-08-06,1,Everton,Chelsea,0,1,1,1,0,0.0,Deplasman,Beraberlik,5.5,4.0,1.61,0.3466024874856805,0.3607552551122689,0.29264225737264765,0.48517074798690296,0.5802537183505616,0.0
2,2022-08-06,1,Bournemouth,Aston Villa,2,0,1,1,0,0.0,Ev,Beraberlik,3.75,3.5,2.0,0.2881449477065309,0.37667592387163595,0.3351791284116884,0.43680832581613765,0.5439402689989445,0.0
3,2022-08-06,1,Leeds United,Wolves,2,1,1,0,0,1.0,Ev,Ev,2.25,3.4,3.2,0.476486866763002,0.3390299661314047,0.18448316684416835,0.4889898419943699,0.5537287762906166,225.0
4,2022-08-06,1,Newcastle Utd,Nottingham Forest,2,0,2,0,1,1.0,Ev,Ev,1.66,3.8,5.25,0.6746027277090246,0.253744886718658,0.07165237704574955,0.5311204211815308,0.4678880782979987,166.0
5,2022-08-06,1,Tottenham,Southampton,4,1,1,0,0,1.0,Ev,Ev,1.33,5.5,8.5,0.5310157514681585,0.3268528461885786,0.14213140187395082,0.47194187891290745,0.5149014414578057,133.0
6,2022-08-06,1,Fulham,Liverpool,2,2,1,1,0,0.0,Beraberlik,Deplasman,11.0,6.0,1.25,0.24103448462475383,0.3183720494976307,0.44059346516957043,0.5886932222382089,0.6433950285629361,0.0
7,2022-08-07,1,West Ham,Manchester City,0,2,0,1,0,1.0,Deplasman,Deplasman,8.0,5.0,1.36,0.1893927869692898,0.3644168992043816,0.4461903137737308,0.42222822603188925,0.5089705282981033,136.0
8,2022-08-07,1,Manchester Utd,Brighton,1,2,1,1,0,0.0,Deplasman,Ev,1.6,4.2,5.25,0.35840076886395567,0.2838869865821534,0.35771224198468227,0.7111076037966759,0.7411313937845264,0.0
9,2022-08-07,1,Leicester City,Brentford,2,2,1,1,0,0.0,Beraberlik,Deplasman,2.0,3.75,3.5,0.3241324907997806,0.32921425474671717,0.34665325426557736,0.5821020445512902,0.6511682518560891,0.0
10,2022-08-13,2,Brentford,Manchester Utd,4,0,1,1,0,1.0,Ev,Ev,3.75,3.5,2.0,0.43877508180374736,0.31834676266948303,0.24287815482717653,0.5897411942202625,0.6446145579522995,375.0
11,2022-08-13,2,Wolves,Fulham,0,0,1,1,0,1.0,Beraberlik,Beraberlik,2.3,3.3,3.2,0.37231502729624943,0.37497638809152306,0.2527085845958226,0.4323432223282887,0.536144312420168,330.0
12,2022-08-13,2,Aston Villa,Everton,2,1,1,1,0,1.0,Ev,Ev,1.8,3.5,4.75,0.44822808014596416,0.34615841078701937,0.20561350890708135,0.48745427798407803,0.5622404411800318,180.0
13,2022-08-13,2,Brighton,Newcastle Utd,0,0,1,1,0,0.0,Beraberlik,Ev,2.45,3.2,3.0,0.3582755710590498,0.3207908696222192,0.32093355900019493,0.6063142366317981,0.6679428195866389,0.0
14,2022-08-13,2,Arsenal,Leicester City,4,2,2,1,0,1.0,Ev,Ev,1.53,4.33,5.75,0.5814294703111067,0.26516654127809,0.15340397257334895,0.6574894811734814,0.6461925995567513,153.0
15,2022-08-13,2,Southampton,Leeds United,2,2,1,1,0,1.0,Beraberlik,Beraberlik,2.25,3.5,3.1,0.3267909773224817,0.36972936267130874,0.30347965999123544,0.459447334428924,0.5617938585316238,350.0
16,2022-08-13,2,Manchester City,Bournemouth,4,0,2,0,0,1.0,Ev,Ev,1.06,13.0,29.0,0.7338176333958494,0.2136393670499524,0.05254295894551866,0.5866635199743252,0.4619737920060429,106.0
17,2022-08-14,2,Chelsea,Tottenham,2,2,1,1,0,1.0,Beraberlik,Beraberlik,2.25,3.4,3.2,0.3163288800922678,0.36633432567603486,0.317336794213431,0.47027380208647246,0.5701348404840046,340.0
18,2022-08-14,2,Nottingham Forest,West Ham,1,0,1,1,0,0.0,Ev,Beraberlik,4.2,3.6,1.85,0.27333745892153466,0.38976549361101526,0.33689704746295324,0.39520679685466453,0.510700406092872,0.0
19,2022-08-15,2,Liverpool,Crystal Palace,1,1,1,0,0,0.0,Beraberlik,Ev,1.18,6.75,16.0,0.5210344664073164,0.3355538671048145,0.14341166620597767,0.44941527610650184,0.5004439912828168,0.0
20,2022-08-20,3,Everton,Nottingham Forest,1,1,1,1,1,0.0,Beraberlik,Ev,1.9,3.6,4.0,0.44253210057565245,0.3463247658192722,0.21114313345077582,0.4911902879569513,0.5669881739591472,0.0
21,2022-08-20,3,Crystal Palace,Aston Villa,3,1,1,0,0,0.0,Ev,Beraberlik,2.5,3.25,2.9,0.31841595099609593,0.42303691215265277,0.25854713685085456,0.2971194639403818,0.42852297236692805,0.0
22,2022-08-20,3,Tottenham,Wolves,1,0,1,0,1,1.0,Ev,Ev,1.4,4.75,7.5,0.5508711573250669,0.31623688286152174,0.13289195900856232,0.4875667208135169,0.517758681111933,140.0
23,2022-08-20,3,Fulham,Brentford,3,2,1,1,0,0.0,Ev,Deplasman,2.45,3.4,2.9,0.2591104640427643,0.353047687873662,0.3878418480152103,0.4986443191782442,0.5855600381836497,0.0
24,2022-08-20,3,Leicester City,Southampton,1,2,1,1,0,0.0,Deplasman,Ev,1.83,4.0,4.0,0.4549762800089564,0.3366435428118114,0.20838017689468458,0.5164597567683187,0.5833867953473122,0.0
25,2022-08-20,3,Bournemouth,Arsenal,0,3,1,1,0,1.0,Deplasman,Deplasman,8.0,4.75,1.4,0.20097452790890696,0.3251961652843474,0.47382930622488034,0.5426448176492569,0.5980941968884745,140.0
26,2022-08-21,3,West Ham,Brighton,0,2,1,1,0,1.0,Deplasman,Deplasman,2.3,3.4,3.1,0.2953135162826596,0.3328429267588419,0.3718435567798239,0.56778684181784,0.6393210305634073,310.0
27,2022-08-21,3,Newcastle Utd,Manchester City,3,3,1,1,0,1.0,Beraberlik,Beraberlik,7.5,5.0,1.36,0.33854360712254744,0.37442155442411157,0.2870348384413454,0.4433868609294437,0.5488322986277112,500.0
28,2022-08-21,3,Leeds United,Chelsea,3,0,1,1,0,1.0,Ev,Ev,5.75,4.5,1.53,0.39791218289462893,0.3512604458557259,0.2508273711661981,0.5003731048335317,0.5850978867666169,575.0
29,2022-08-22,3,Manchester Utd,Liverpool,2,1,1,1,0,1.0,Ev,Ev,5.25,4.33,1.6,0.3829587184034365,0.29851188495428016,0.3185293953991998,0.6685890458699032,0.7105426193066399,525.0
30,2022-08-27,4,Brentford,Everton,1,1,1,1,1,0.0,Beraberlik,Ev,2.0,3.5,3.75,0.5397225612645483,0.30330343049949393,0.15697400623933527,0.5580762418679228,0.5836454631549887,0.0
31,2022-08-27,4,Liverpool,Bournemouth,9,0,2,0,0,1.0,Ev,Ev,1.1,10.0,26.0,0.6437051094367179,0.24812783078826467,0.10816703407917373,0.6351818885574393,0.58908468972467,110.00000000000001
32,2022-08-27,4,Arsenal,Fulham,2,1,2,0,0,1.0,Ev,Ev,1.3,5.75,9.0,0.613512224019575,0.2695843927719988,0.11690337407637562,0.5914896379635494,0.5705367244700285,130.0
33,2022-08-27,4,Manchester City,Crystal Palace,4,2,1,0,0,1.0,Ev,Ev,1.18,7.5,13.0,0.6138753393868156,0.30771155620515683,0.07841310395244605,0.3939441042207855,0.3896367450343678,118.0
34,2022-08-27,4,Brighton,Leeds United,1,0,2,1,0,1.0,Ev,Ev,1.9,3.8,3.8,0.5990137144624469,0.24793828472631782,0.15304796123851472,0.7022984538218658,0.675493975901842,190.0
35,2022-08-27,4,Southampton,Manchester Utd,0,1,1,1,0,1.0,Deplasman,Deplasman,4.2,4.0,1.8,0.2803763809746343,0.3532083680743659,0.36641525089649585,0.5049664031229303,0.5933607334850205,180.0
36,2022-08-27,4,Chelsea,Leicester City,2,1,1,1,0,1.0,Ev,Ev,1.4,5.0,7.0,0.4238219159587519,0.3335514128442716,0.2426266709197955,0.5470125886420335,0.6155524595861823,140.0
37,2022-08-28,4,Aston Villa,West Ham,0,1,1,1,0,0.0,Deplasman,Beraberlik,2.3,3.4,3.1,0.36030755542121345,0.3885255410013398,0.2511669035711396,0.392443902974344,0.5055790653334873,0.0
38,2022-08-28,4,Wolves,Newcastle Utd,1,1,0,1,0,0.0,Beraberlik,Deplasman,2.7,3.3,2.7,0.15609103943586405,0.34527043174961863,0.49863852864558506,0.43957082690617266,0.5027263917748142,0.0
39,2022-08-28,4,Nottingham Forest,Tottenham,0,2,1,1,0,1.0,Deplasman,Deplasman,7.0,4.6,1.44,0.23207734906448602,0.35780782595767063,0.41011482491355866,0.47210001468092516,0.560359804962872,144.0
40,2022-08-30,5,Leeds United,Everton,1,1,1,1,1,0.0,Beraberlik,Ev,2.15,3.5,3.3,0.4699812996131416,0.3142796271675453,0.21573907217202562,0.584280177591826,0.6320714259198811,0.0
41,2022-08-30,5,Crystal Palace,Brentford,1,1,0,1,0,1.0,Beraberlik,Beraberlik,2.05,3.4,3.6,0.268167558566992,0.40879263045681447,0.32303981097507917,0.3388153769100925,0.46484416900233944,340.0
42,2022-08-30,5,Fulham,Brighton,2,1,1,1,0,0.0,Ev,Deplasman,3.1,3.3,2.3,0.21939354991398094,0.2951272775182322,0.48547916946327985,0.6388940611791655,0.6696692051721704,0.0
43,2022-08-30,5,Southampton,Chelsea,2,1,1,1,0,0.0,Ev,Beraberlik,5.25,4.0,1.61,0.3121562173956089,0.3961868922879562,0.29165689031400116,0.3787077336695084,0.49878412342247924,0.0
44,2022-08-31,5,Manchester City,Nottingham Forest,6,0,2,0,0,1.0,Ev,Ev,1.06,13.0,29.0,0.7137268676775936,0.2312555361712814,0.05501757959272167,0.541787232233471,0.43977939748948963,106.0
45,2022-08-31,5,Bournemouth,Wolves,0,0,1,1,0,1.0,Beraberlik,Beraberlik,3.5,3.3,2.15,0.36412793288207895,0.37851827990207076,0.2573537872037196,0.42373053617435835,0.5305002685333005,330.0
46,2022-08-31,5,Liverpool,Newcastle Utd,2,1,1,1,0,0.0,Ev,Deplasman,1.33,5.25,9.0,0.3206096484911207,0.3363331782576769,0.3430571731287131,0.5609310563719624,0.636140924376622,0.0
47,2022-08-31,5,Arsenal,Aston Villa,2,1,1,0,0,1.0,Ev,Ev,1.45,4.5,6.0,0.5157323338897543,0.32280486967583677,0.1614627957697579,0.5092618624688189,0.5541625048426569,145.0
48,2022-08-31,5,West Ham,Tottenham,1,1,1,1,1,1.0,Beraberlik,Beraberlik,3.6,3.8,1.95,0.33148737814408064,0.3704553779366076,0.29805724390467936,0.4567743562773105,0.5595698014136762,380.0
49,2022-09-01,5,Leicester City,Manchester Utd,0,1,1,1,0,0.0,Deplasman,Ev,3.4,3.75,2.05,0.3590511622103512,0.297958838086027,0.3429899985474661,0.6722836846611534,0.714193918024359,0.0
50,2022-09-03,6,Newcastle Utd,Crystal Palace,0,0,1,0,0,0.0,Beraberlik,Ev,2.0,3.5,3.75,0.5739199631880463,0.3280190589597626,0.09806097762328002,0.3875210754068648,0.41281663120798834,0.0
51,2022-09-03,6,Chelsea,West Ham,2,1,1,1,0,0.0,Ev,Beraberlik,1.55,4.5,5.5,0.3590296532539546,0.38577968860472295,0.2551906581339587,0.40182950174757626,0.5134873136413964,0.0
52,2022-09-03,6,Brentford,Leeds United,5,2,1,1,0,1.0,Ev,Ev,2.1,3.5,3.4,0.4898976316553459,0.31778079701673306,0.1923215704113711,0.5557891046214734,0.6029175209340867,210.0
53,2022-09-03,6,Everton,Liverpool,0,0,1,1,0,0.0,Beraberlik,Deplasman,7.0,4.75,1.4,0.26348328113652675,0.3120419344943252,0.4244747835032441,0.6167168074298454,0.6677748831675067,0.0
54,2022-09-03,6,Nottingham Forest,Bournemouth,2,3,1,1,0,0.0,Deplasman,Ev,1.95,3.5,3.8,0.3906004155734731,0.36837927624811145,0.24102030814918202,0.44637067874304925,0.5440603226569437,0.0
55,2022-09-03,6,Wolves,Southampton,1,0,1,0,1,0.0,Ev,Beraberlik,2.2,3.4,3.25,0.3517693251811107,0.400226100460387,0.24800457435577092,0.35776714023847217,0.47774896612444323,0.0
56,2022-09-03,6,Aston Villa,Manchester City,1,1,0,1,0,0.0,Beraberlik,Deplasman,8.0,5.5,1.33,0.179314619862191,0.3585665570365844,0.46211882302366786,0.4289554732158042,0.5089211921015547,0.0
57,2022-09-03,6,Tottenham,Fulham,2,1,1,0,0,1.0,Ev,Ev,1.5,4.5,6.5,0.5628116398264832,0.2964679634013157,0.14072039411617607,0.555058906436953,0.5692537793379675,150.0
58,2022-09-04,6,Brighton,Leicester City,5,2,2,1,0,1.0,Ev,Ev,1.83,3.5,4.5,0.6300253565338482,0.22588443648590742,0.1440900865008092,0.7479466941392446,0.6994805061092859,183.0
59,2022-09-04,6,Manchester Utd,Arsenal,3,1,1,1,0,1.0,Ev,Ev,2.5,3.5,2.7,0.3588801181404347,0.31510007995560707,0.3260198014639825,0.623055128789015,0.6797528735115032,250.0
60,2022-09-16,8,Nottingham Forest,Fulham,2,3,1,1,0,0.0,Deplasman,Beraberlik,2.75,3.3,2.62,0.3633917020710261,0.3700869333334192,0.2665213645756683,0.45143719627182183,0.5525935075092652,0.0
61,2022-09-16,8,Aston Villa,Southampton,1,0,1,0,1,1.0,Ev,Ev,2.1,3.5,3.5,0.43539163074329135,0.3772856696582511,0.18732269957593098,0.3845030209945979,0.48022686751495036,210.0
62,2022-09-17,8,Tottenham,Leicester City,6,2,2,1,0,1.0,Ev,Ev,1.45,4.5,7.0,0.5282239425893197,0.2892040226103559,0.18257203015591836,0.6248518071272876,0.6435046803370081,145.0
63,2022-09-17,8,Newcastle Utd,Bournemouth,1,1,2,0,0,0.0,Beraberlik,Ev,1.44,4.4,7.5,0.6948058344994936,0.2361255800321346,0.0690685644018694,0.5756873404346631,0.4914573437346638,0.0
64,2022-09-17,8,Wolves,Manchester City,0,3,0,1,0,1.0,Deplasman,Deplasman,9.5,5.0,1.33,0.12698973940870745,0.329888819348482,0.5431214409060695,0.4393945896784454,0.47968951899534107,133.0
65,2022-09-18,8,Everton,West Ham,1,0,1,1,0,0.0,Ev,Beraberlik,2.9,3.25,2.5,0.32619124199784616,0.36610330031504595,0.3077054576682866,0.4707219078420902,0.5703527395155992,0.0
66,2022-09-18,8,Brentford,Arsenal,0,3,1,1,0,0.0,Deplasman,Ev,4.2,3.8,1.8,0.360763331923167,0.34481169565792785,0.2944249723354907,0.5327267212085598,0.6146196058380973,0.0
67,2022-10-01,9,Arsenal,Tottenham,3,1,1,1,0,1.0,Ev,Ev,2.05,3.75,3.3,0.4556651812097232,0.32334653717278994,0.22098828102009624,0.5627864462660657,0.61959266263215,204.99999999999997
68,2022-10-01,9,Fulham,Newcastle Utd,1,4,0,1,0,1.0,Deplasman,Deplasman,3.0,3.4,2.37,0.1656420067095453,0.32574253906444517,0.5086154536589372,0.506038094997721,0.5546737314587515,237.0
69,2022-10-01,9,Southampton,Everton,1,2,1,1,0,0.0,Deplasman,Ev,2.15,3.4,3.4,0.37151910156891527,0.36928548049433224,0.25919541791399686,0.45136081726300903,0.5513850701971024,0.0
70,2022-10-01,9,Bournemouth,Brentford,0,0,1,1,0,0.0,Beraberlik,Deplasman,3.3,3.4,2.2,0.23329677675345575,0.350368709900449,0.41633451324284426,0.49409563561776076,0.5762876414700703,0.0
71,2022-10-01,9,West Ham,Wolves,2,0,1,0,0,1.0,Ev,Ev,1.95,3.5,4.2,0.4673931728558182,0.36520908300453037,0.16739774408966926,0.3977610084736493,0.4798479403760013,195.0
72,2022-10-01,9,Liverpool,Brighton,3,3,1,1,0,0.0,Beraberlik,Ev,1.33,5.25,8.5,0.4144317182976353,0.282529671209836,0.3030386068706742,0.7084773379031062,0.7360167711238643,0.0
73,2022-10-01,9,Crystal Palace,Chelsea,1,2,1,0,0,0.0,Deplasman,Beraberlik,4.2,3.6,1.85,0.32319276379846923,0.4198056267632629,0.2570016094377423,0.30561735651663446,0.4357227298248081,0.0
74,2022-10-02,9,Manchester City,Manchester Utd,6,3,2,0,0,1.0,Ev,Ev,1.33,5.75,7.5,0.6156563273171964,0.2661107873886809,0.11823287408696807,0.6035266196319714,0.5797740543697573,133.0
75,2022-10-02,9,Leeds United,Aston Villa,0,0,1,1,0,0.0,Beraberlik,Ev,2.35,3.4,3.0,0.39182414202311483,0.3553602911836481,0.25281556673075206,0.4893910848413446,0.5777259068964261,0.0
76,2022-10-03,9,Leicester City,Nottingham Forest,4,0,1,1,0,1.0,Ev,Ev,1.75,4.0,4.33,0.49600162793595665,0.3164654896584733,0.1875328814109623,0.5550169204666571,0.6000136115580069,175.0
77,2022-10-08,10,Brighton,Tottenham,0,1,2,1,0,0.0,Deplasman,Ev,2.8,3.4,2.5,0.4979759319723432,0.28735145483586244,0.2146726082921057,0.6563448742608495,0.6793413248559287,0.0
78,2022-10-08,10,Manchester City,Southampton,4,0,2,0,0,1.0,Ev,Ev,1.11,10.0,17.0,0.6745931846226166,0.25982636721648456,0.06558044326590884,0.4932490628942862,0.43202876377761706,111.00000000000001
79,2022-10-08,10,Newcastle Utd,Brentford,5,1,1,0,0,1.0,Ev,Ev,1.83,3.8,4.2,0.5185047438643652,0.322819940195794,0.1586753152829661,0.5057707031585853,0.5499493021873098,183.0
80,2022-10-08,10,Chelsea,Wolves,3,0,1,0,0,1.0,Ev,Ev,1.4,4.5,8.0,0.4530313409548466,0.3669601629727943,0.18000849602725605,0.4062259568690438,0.4928208061160472,140.0
81,2022-10-08,10,Bournemouth,Leicester City,2,1,1,1,0,0.0,Ev,Deplasman,3.6,3.4,2.05,0.3260117512271731,0.33102067505029037,0.34296757355514373,0.5768930601748292,0.6475512698416491,0.0
82,2022-10-09,10,Crystal Palace,Leeds United,2,1,1,1,0,0.0,Ev,Beraberlik,2.05,3.5,3.6,0.33881564750334103,0.39493347528489114,0.26625087720847246,0.3784514216281384,0.4967740523212531,0.0
83,2022-10-09,10,West Ham,Fulham,3,1,1,0,0,1.0,Ev,Ev,1.72,3.8,4.75,0.47626364409819666,0.3460834328239227,0.17765292290807644,0.4622678118905211,0.5316126195596204,172.0
84,2022-10-09,10,Arsenal,Liverpool,3,2,1,1,0,1.0,Ev,Ev,2.5,3.6,2.62,0.4427702214936729,0.30693198021500995,0.25029779698487353,0.6248774641734738,0.6701378960615665,250.0
85,2022-10-09,10,Everton,Manchester Utd,1,2,1,1,0,1.0,Deplasman,Deplasman,3.6,3.5,2.05,0.3119465621431637,0.316556034317044,0.37149740310507057,0.6173348288436291,0.675015615405403,204.99999999999997
86,2022-10-10,10,Nottingham Forest,Aston Villa,1,1,1,1,1,1.0,Beraberlik,Beraberlik,3.3,3.4,2.2,0.28642097682655593,0.3896371805220581,0.3239418426473344,0.3977710560926184,0.5137097825390481,340.0
87,2022-10-14,11,Brentford,Brighton,2,0,1,1,0,1.0,Ev,Ev,3.1,3.4,2.3,0.3621492782107394,0.3150318849465912,0.3228188363945965,0.6229707005586214,0.6795548172861811,310.0
88,2022-10-15,11,Tottenham,Everton,2,0,1,1,0,1.0,Ev,Ev,1.5,4.5,6.5,0.550003502407201,0.29489524365110675,0.1551012507745845,0.5789673133684811,0.5960630733452149,150.0
89,2022-10-15,11,Leicester City,Crystal Palace,0,0,1,1,0,0.0,Beraberlik,Ev,2.3,3.4,3.1,0.40250576289058954,0.372689011849182,0.22480522523504232,0.42526010553263743,0.5242996401997289,0.0
90,2022-10-15,11,Fulham,Bournemouth,2,2,1,1,0,0.0,Beraberlik,Ev,1.85,3.75,4.0,0.42790997338337294,0.3469173465665309,0.22517267991337023,0.4990875521444065,0.577351177882984,0.0
91,2022-10-15,11,Wolves,Nottingham Forest,1,0,1,0,1,0.0,Ev,Beraberlik,1.7,3.75,5.0,0.3856095167504216,0.3861642136539297,0.22822626958610817,0.38884017293906564,0.4978681532625961,0.0
92,2022-10-16,11,Leeds United,Arsenal,0,1,1,1,0,1.0,Deplasman,Deplasman,6.0,4.2,1.55,0.29280810724970185,0.32876054404157024,0.3784313484723458,0.578999902616455,0.646830162350182,155.0
93,2022-10-16,11,Aston Villa,Chelsea,0,2,1,1,0,0.0,Deplasman,Beraberlik,4.33,3.75,1.8,0.380754799509367,0.38139497621301727,0.23785022426542124,0.40734730759417764,0.5143032470932357,0.0
94,2022-10-16,11,Liverpool,Manchester City,1,0,1,1,0,0.0,Ev,Deplasman,3.6,4.0,1.9,0.2706554871597665,0.33796439557538066,0.39138011710245624,0.5463842684895922,0.6211466516341092,0.0
95,2022-10-16,11,Manchester Utd,Newcastle Utd,0,0,1,1,0,0.0,Beraberlik,Deplasman,1.95,3.8,3.5,0.27421747571446514,0.3306588130584711,0.3951237109776462,0.5684667073651033,0.6370040876449208,0.0
96,2022-10-16,11,Southampton,West Ham,1,1,1,1,1,1.0,Beraberlik,Beraberlik,2.9,3.4,2.4,0.29408399437774224,0.4004388200181369,0.30547718560235415,0.3661420631824681,0.4886601757256318,340.0
97,2022-10-18,12,Brighton,Nottingham Forest,0,0,2,0,0,0.0,Beraberlik,Ev,1.4,4.75,7.0,0.6704868050400292,0.23407409558012485,0.0954390551527643,0.648927463911837,0.5818094164906411,0.0
98,2022-10-18,12,Crystal Palace,Wolves,2,1,1,0,0,0.0,Ev,Beraberlik,2.25,3.1,3.4,0.38813940615199277,0.4144225850151826,0.19743800883129115,0.29313770690845425,0.41197397420203463,0.0
99,2022-10-19,12,Newcastle Utd,Everton,1,0,2,0,0,1.0,Ev,Ev,1.6,3.8,5.75,0.6599829427526985,0.25045051309409827,0.08956652783916236,0.5892844314503615,0.534740033922752,160.0
100,2022-10-19,12,Manchester Utd,Tottenham,2,0,1,1,0,1.0,Ev,Ev,2.45,3.5,2.75,0.39908624401062404,0.31876355383635646,0.2821502016671784,0.6045680714859791,0.6629550468430085,245.00000000000003
101,2022-10-19,12,Liverpool,West Ham,1,0,1,1,0,1.0,Ev,Ev,1.4,5.0,7.0,0.4976068872961426,0.3192288558287402,0.18316425602622266,0.5431202733234332,0.5897793181285833,140.0
102,2022-10-19,12,Brentford,Chelsea,0,0,1,0,0,0.0,Beraberlik,Ev,4.75,3.8,1.72,0.46450660810328087,0.34729836029328676,0.188195031446828,0.46927422338971436,0.5418866908150282,0.0
103,2022-10-19,12,Bournemouth,Southampton,0,1,1,1,0,0.0,Deplasman,Beraberlik,2.62,3.3,2.62,0.34703797805772624,0.3834478833967365,0.26951413853809975,0.412935250043117,0.5240115587503841,0.0
104,2022-10-20,12,Fulham,Aston Villa,3,0,1,1,0,0.0,Ev,Beraberlik,2.9,3.3,2.5,0.31597619660660126,0.37476910101443034,0.3092547023684872,0.44437453887647743,0.5505127606985716,0.0
105,2022-10-20,12,Leicester City,Leeds United,2,0,1,1,0,1.0,Ev,Ev,2.25,3.6,3.0,0.41429453943907246,0.30864785107576465,0.27705760854144795,0.6310583010538728,0.6800533482047222,225.0
106,2022-10-22,13,Manchester City,Brighton,3,1,2,1,0,1.0,Ev,Ev,1.2,7.0,13.0,0.5438174731673722,0.2871062251715111,0.16907629654628928,0.6166767523476817,0.6301904403215626,120.0
107,2022-10-22,13,Nottingham Forest,Liverpool,1,0,1,1,0,0.0,Ev,Deplasman,11.0,6.0,1.25,0.21566057965718424,0.32933210206329316,0.45500731785072474,0.5423778045767367,0.6038588136696723,0.0
108,2022-10-22,13,Chelsea,Manchester Utd,1,1,1,1,1,0.0,Beraberlik,Ev,2.05,3.5,3.5,0.3497469342851441,0.34272199579975027,0.30753106982820383,0.5408752908548737,0.6213602634116467,0.0
109,2022-10-22,13,Everton,Crystal Palace,3,0,1,0,0,0.0,Ev,Beraberlik,2.6,3.2,2.87,0.35709778918507745,0.3957526552843451,0.24714955552671067,0.37019337570774025,0.48748739500645305,0.0
110,2022-10-23,13,Aston Villa,Brentford,4,0,1,1,0,0.0,Ev,Beraberlik,2.1,3.5,3.5,0.31819479204763124,0.3757804479330304,0.30602476000949635,0.44119154860713194,0.548040426211739,0.0
111,2022-10-23,13,Leeds United,Fulham,2,3,1,1,0,0.0,Deplasman,Ev,2.05,3.5,3.6,0.48476754388866716,0.3184546990920591,0.19677775614510135,0.5578517560363644,0.6064138015634822,0.0
112,2022-10-23,13,Southampton,Arsenal,1,1,1,1,1,0.0,Beraberlik,Deplasman,6.0,4.0,1.57,0.22247180258144542,0.35889495172210956,0.41863324563201115,0.4632239843882521,0.5511640388385999,0.0
113,2022-10-23,13,Wolves,Leicester City,0,4,1,1,0,0.0,Deplasman,Beraberlik,2.25,3.25,3.25,0.3335278678371945,0.3521295590828272,0.3143425730339341,0.513381921314499,0.6018969129312842,0.0
114,2022-10-23,13,Tottenham,Newcastle Utd,1,2,1,1,0,1.0,Deplasman,Deplasman,2.05,3.5,3.5,0.2853545176932329,0.3567078060855831,0.357937676180059,0.4958182640938579,0.5873400719840685,350.0
115,2022-10-24,13,West Ham,Bournemouth,2,0,1,0,0,1.0,Ev,Ev,1.55,4.0,6.0,0.5041502054681745,0.33799296555347097,0.15785682871281756,0.4621898395668931,0.5196569650326598,155.0
116,2022-10-29,14,Brentford,Wolves,1,1,1,0,0,0.0,Beraberlik,Ev,2.2,3.4,3.3,0.5407419875702487,0.3245289639986514,0.1347290479268122,0.4671641990296163,0.5055552845084502,0.0
117,2022-10-29,14,Liverpool,Leeds United,1,2,2,1,0,0.0,Deplasman,Ev,1.3,6.0,9.0,0.5505788628560627,0.2762979498968896,0.1731231779370198,0.6499728906064033,0.6544962273901057,0.0
118,2022-10-29,14,Fulham,Everton,0,0,1,1,0,0.0,Beraberlik,Ev,2.37,3.4,3.0,0.3839962654694852,0.34331875398174944,0.27268498043602296,0.5316099312570146,0.6111653669773878,0.0
119,2022-10-29,14,Crystal Palace,Southampton,1,0,1,0,1,0.0,Ev,Beraberlik,1.9,3.6,4.0,0.37200326639358516,0.42076519186472555,0.20723154174081246,0.2831374034154532,0.40662592630870986,0.0
120,2022-10-29,14,Newcastle Utd,Aston Villa,4,0,1,0,0,1.0,Ev,Ev,1.8,3.75,4.5,0.5750053810842759,0.3087735080158441,0.11622110988968908,0.4795018713095779,0.4963161335235142,180.0
121,2022-10-29,14,Brighton,Chelsea,4,1,2,1,0,1.0,Ev,Ev,3.0,3.3,2.4,0.5688115238024378,0.27952345789083727,0.15166501106860295,0.6166933086316153,0.6182232747961376,300.0
122,2022-10-29,14,Leicester City,Manchester City,0,1,1,1,0,1.0,Deplasman,Deplasman,10.0,6.5,1.25,0.17302811550334463,0.30438484221506407,0.5225870403103655,0.573759167158186,0.6044165281171386,125.0
123,2022-10-29,14,Bournemouth,Tottenham,2,3,1,1,0,1.0,Deplasman,Deplasman,5.0,3.8,1.7,0.232052748050687,0.343115401105645,0.4248318506781729,0.5140699804887898,0.5898857115299644,170.0
124,2022-10-30,14,Arsenal,Nottingham Forest,5,0,2,0,0,1.0,Ev,Ev,1.2,7.0,12.0,0.6215483187321222,0.2747279002568853,0.10372377535136197,0.5514128152676764,0.5293440843537047,120.0
125,2022-10-30,14,Manchester Utd,West Ham,1,0,1,1,0,1.0,Ev,Ev,1.66,4.0,4.8,0.44619005197182504,0.3326042988697799,0.22120564881710983,0.5370156461244957,0.6021998784564515,166.0
126,2022-11-05,15,Manchester City,Fulham,2,1,2,0,0,1.0,Ev,Ev,1.11,9.5,19.0,0.7102772424324425,0.22772928965905612,0.06199344135307454,0.577969401271418,0.47848150858263044,111.00000000000001
127,2022-11-05,15,Nottingham Forest,Brentford,2,2,1,1,0,0.0,Beraberlik,Deplasman,2.75,3.3,2.6,0.233242678010285,0.3648103039660258,0.40194701798370175,0.4526458706419222,0.5466835249194616,0.0
128,2022-11-05,15,Leeds United,Bournemouth,4,3,1,1,0,1.0,Ev,Ev,1.72,3.8,4.75,0.5146660555501251,0.3109929719845608,0.1743409711080982,0.5569118406750774,0.5940389908956095,172.0
129,2022-11-05,15,Wolves,Brighton,2,3,1,1,0,1.0,Deplasman,Deplasman,3.3,3.3,2.25,0.20503055741396892,0.3168229442183051,0.47814649742720444,0.5692075682169604,0.6176804676083095,225.0
130,2022-11-05,15,Everton,Leicester City,0,2,1,1,0,0.0,Deplasman,Ev,2.4,3.3,3.0,0.3871385656366706,0.31542929166722655,0.2974321421752794,0.6178604315844356,0.6740284659383639,0.0
131,2022-11-06,15,Tottenham,Liverpool,1,2,1,1,0,0.0,Deplasman,Ev,3.3,3.6,2.1,0.39244939494078235,0.3210432762079492,0.28650732844588866,0.5993880557708208,0.6600529618130457,0.0
132,2022-11-06,15,West Ham,Crystal Palace,1,2,1,0,0,0.0,Deplasman,Beraberlik,1.9,3.4,4.2,0.39914398439601984,0.4086023539845443,0.1922536616170002,0.30440643089486796,0.4194592004370211,0.0
133,2022-11-06,15,Southampton,Newcastle Utd,1,4,0,1,0,1.0,Deplasman,Deplasman,4.0,3.6,1.9,0.16589100627106138,0.3546369253208028,0.4794720683103144,0.4253841398531652,0.4989030250701142,190.0
134,2022-11-06,15,Chelsea,Arsenal,0,1,1,1,0,1.0,Deplasman,Deplasman,2.55,3.4,2.7,0.28192300218090266,0.35776524902336787,0.3603117487561723,0.4919206693629379,0.5841554139246223,270.0
135,2022-11-06,15,Aston Villa,Manchester Utd,3,1,1,1,0,1.0,Ev,Ev,3.3,3.8,2.1,0.35143965419620127,0.3460827771059408,0.3024775686256029,0.5302863388392428,0.6135132436476496,330.0
136,2022-11-12,16,Nottingham Forest,Crystal Palace,1,0,0,0,0,0.0,Ev,Beraberlik,3.1,3.1,2.45,0.3033073053536766,0.42268701216110854,0.2740056824848635,0.30043147742692106,0.4325206526724259,0.0
137,2022-11-12,16,Tottenham,Leeds United,4,3,1,1,0,1.0,Ev,Ev,1.65,4.2,4.75,0.499606357023158,0.3097633749259102,0.19063026659212304,0.5764150438191789,0.6158184855201445,165.0
138,2022-11-12,16,Manchester City,Brentford,1,2,1,0,0,0.0,Deplasman,Ev,1.14,8.0,17.0,0.5648928961524201,0.30705131878003045,0.12805578376881901,0.5055107992074265,0.5253754478270022,0.0
139,2022-11-12,16,Wolves,Arsenal,0,2,1,1,0,1.0,Deplasman,Deplasman,6.0,4.2,1.55,0.21082030884416228,0.35157438506397554,0.4376053059809154,0.4760685465615245,0.5562753621718591,155.0
140,2022-11-12,16,Bournemouth,Everton,3,0,1,1,0,1.0,Ev,Ev,2.8,3.25,2.6,0.35199980479795817,0.3490048353658933,0.29899535977493763,0.5211274959888668,0.6067286234155883,280.0
141,2022-11-12,16,West Ham,Leicester City,0,2,1,1,0,0.0,Deplasman,Ev,2.05,3.4,3.75,0.4402829674121911,0.33407965200277157,0.2256373802814911,0.5357490103587093,0.6028265871877908,0.0
142,2022-11-12,16,Liverpool,Southampton,3,1,1,0,0,1.0,Ev,Ev,1.25,6.5,11.0,0.5811489635947691,0.29168399033305414,0.12716704301065918,0.5472984476054004,0.552112882114543,125.0
143,2022-11-12,16,Newcastle Utd,Chelsea,1,0,1,0,1,1.0,Ev,Ev,2.35,3.4,3.0,0.5823809010512988,0.3032859111305168,0.11433318647067237,0.49145637642645246,0.5022757264673262,235.0
144,2022-11-13,16,Brighton,Aston Villa,1,2,2,1,0,0.0,Deplasman,Ev,1.83,3.75,4.2,0.5612119558151711,0.2849238431441133,0.15386419558738315,0.6047660390525698,0.6120595760439786,0.0
145,2022-11-13,16,Fulham,Manchester Utd,1,2,1,1,0,1.0,Deplasman,Deplasman,3.8,3.8,1.9,0.28661668337451085,0.32519547336368415,0.38818784294913455,0.5876615950628697,0.6520371194030828,190.0
146,2022-12-26,17,Aston Villa,Liverpool,1,3,1,1,0,1.0,Deplasman,Deplasman,4.75,4.0,1.7,0.3027998746231221,0.3477014956501065,0.34949862966186435,0.5255326454941026,0.6101387025194288,170.0
147,2022-12-26,17,Southampton,Brighton,1,3,1,1,0,1.0,Deplasman,Deplasman,3.3,3.5,2.15,0.2172743576875609,0.32504358575924164,0.45768205600289075,0.5555079370506776,0.613342144571873,215.0
148,2022-12-26,17,Everton,Wolves,1,2,1,1,0,0.0,Deplasman,Ev,2.3,3.25,3.2,0.4230225655410084,0.35678164280332714,0.22019579158055017,0.46778334816879164,0.5536849216556735,0.0
149,2022-12-26,17,Arsenal,West Ham,3,1,1,0,0,1.0,Ev,Ev,1.5,4.33,6.5,0.4988043829355775,0.3297469674333029,0.17144864917759087,0.5014494137781814,0.555099851330482,150.0
150,2022-12-26,17,Crystal Palace,Fulham,0,3,1,0,0,0.0,Deplasman,Beraberlik,2.05,3.6,3.5,0.39410212567462866,0.3963154757711717,0.20958239854882527,0.34937682478558696,0.4617890968076584,0.0
151,2022-12-26,17,Leicester City,Newcastle Utd,0,3,1,1,0,1.0,Deplasman,Deplasman,3.25,3.5,2.2,0.21219467535762077,0.3152753538680899,0.4725299697712241,0.5789679597517224,0.6271466290112514,220.00000000000003
152,2022-12-26,17,Brentford,Tottenham,2,2,1,1,0,0.0,Beraberlik,Ev,4.0,3.6,1.91,0.39838861521221797,0.3466339825565683,0.2549774021228633,0.5155013495231199,0.5966391784473142,0.0
153,2022-12-27,17,Chelsea,Bournemouth,2,0,1,0,0,1.0,Ev,Ev,1.3,5.5,10.0,0.4892224209650889,0.34031623996167326,0.1704613388333733,0.47069113820875885,0.5334255002623569,130.0
154,2022-12-27,17,Manchester Utd,Nottingham Forest,3,0,2,0,0,1.0,Ev,Ev,1.29,5.5,11.0,0.5733003574146098,0.28770012178788396,0.13899951653689802,0.5769156157501225,0.5821368138760064,129.0
155,2022-12-28,17,Leeds United,Manchester City,1,3,1,1,0,1.0,Deplasman,Deplasman,9.5,6.0,1.29,0.18071942261778415,0.32479600424039384,0.49448457252887745,0.5251495245667903,0.5763898409072402,129.0
156,2022-12-30,18,West Ham,Brentford,0,2,1,1,0,0.0,Deplasman,Beraberlik,2.0,3.6,3.6,0.3314976521564944,0.37640237612992083,0.29209997170353574,0.43817244003675715,0.5452244929581713,0.0
157,2022-12-30,18,Liverpool,Leicester City,2,1,2,1,1,1.0,Ev,Ev,1.29,6.0,9.5,0.5807605125201618,0.2547559586124611,0.16448349991343328,0.697417050680908,0.6802392323069962,129.0
158,2022-12-31,18,Manchester City,Everton,1,1,2,0,0,0.0,Beraberlik,Ev,1.13,9.0,19.0,0.7021769118106704,0.2288125010576431,0.06901055561626807,0.5972772827226831,0.505146725698974,0.0
159,2022-12-31,18,Brighton,Arsenal,2,4,1,1,0,0.0,Deplasman,Ev,3.4,3.5,2.1,0.4558267900020228,0.2908540052031833,0.25331920152061865,0.6695363132940771,0.7006375983858704,0.0
160,2022-12-31,18,Newcastle Utd,Leeds United,0,0,2,0,0,0.0,Beraberlik,Ev,1.45,4.5,7.0,0.6138190538572043,0.27221577984056566,0.11396515869158932,0.578755316947466,0.5590654579378647,0.0
161,2022-12-31,18,Wolves,Manchester Utd,0,1,1,1,0,1.0,Deplasman,Deplasman,4.0,3.6,1.91,0.2671955574244603,0.347895129332466,0.3849093131546661,0.5165385524400732,0.5996749726712091,191.0
162,2022-12-31,18,Fulham,Southampton,2,1,1,1,0,0.0,Ev,Beraberlik,1.95,3.6,3.75,0.37673550036748465,0.37713029088741373,0.2461342087299746,0.42340384157902006,0.5281841938040646,0.0
163,2022-12-31,18,Bournemouth,Crystal Palace,0,2,1,0,0,0.0,Deplasman,Beraberlik,2.8,3.3,2.5,0.3059363520630281,0.4111630463792818,0.2829006015568671,0.33394927598012353,0.4616709111646177,0.0
164,2023-01-01,18,Tottenham,Aston Villa,0,2,1,0,0,0.0,Deplasman,Ev,1.67,4.0,5.0,0.46693817845146685,0.34438477112749916,0.1886770502335855,0.47793144273831073,0.5481546917770054,0.0
165,2023-01-01,18,Nottingham Forest,Chelsea,1,1,1,1,1,1.0,Beraberlik,Beraberlik,5.0,3.8,1.7,0.29097485649814536,0.3865814607316475,0.32244368276529756,0.40743674468832175,0.5215135426808211,380.0
166,2023-01-02,19,Brentford,Liverpool,3,1,1,1,0,1.0,Ev,Ev,5.5,4.33,1.55,0.38438406102877165,0.3281827296127987,0.28743320910113185,0.5793638642111374,0.6464361906514013,550.0
167,2023-01-03,19,Arsenal,Newcastle Utd,0,0,1,1,0,1.0,Beraberlik,Beraberlik,1.8,3.8,4.33,0.3267853624584681,0.3515929922140753,0.321621645280479,0.5152580522117153,0.6033798398056949,380.0
168,2023-01-03,19,Leicester City,Fulham,0,1,1,1,0,0.0,Deplasman,Ev,2.2,3.6,3.1,0.4826794982943306,0.3071062473242967,0.2102142527587059,0.599930701997412,0.6402938909361604,0.0
169,2023-01-03,19,Manchester Utd,Bournemouth,3,0,2,1,0,1.0,Ev,Ev,1.29,5.5,11.0,0.5925855156076584,0.2706256630044804,0.13678881078412683,0.6206830098743299,0.6087885766698706,129.0
170,2023-01-03,19,Everton,Brighton,1,4,1,1,0,1.0,Deplasman,Deplasman,3.5,3.5,2.1,0.24080145651169743,0.290010458579837,0.46918808118112054,0.6654802577513779,0.694463197597807,210.0
171,2023-01-04,19,Aston Villa,Wolves,1,1,1,0,0,0.0,Beraberlik,Ev,1.95,3.6,4.0,0.4536876031048896,0.3691469107015898,0.17716548615441322,0.3973061912918179,0.4848333902541688,0.0
172,2023-01-04,19,Leeds United,West Ham,2,2,1,1,0,0.0,Beraberlik,Ev,2.6,3.5,2.6,0.3759125207960273,0.3587269850885686,0.26536049407153295,0.48437253064690516,0.5764458509966502,0.0
173,2023-01-04,19,Southampton,Nottingham Forest,0,1,1,0,0,0.0,Deplasman,Ev,2.0,3.5,3.8,0.398484726821277,0.3859750561074828,0.21554021706047102,0.38191532849748144,0.4889524817572442,0.0
174,2023-01-04,19,Crystal Palace,Tottenham,0,4,0,1,0,0.0,Deplasman,Beraberlik,3.4,3.5,2.15,0.26761825188141547,0.4029283033382896,0.3294534447785281,0.35556251596958155,0.47855018241022446,0.0
175,2023-01-05,19,Chelsea,Manchester City,0,1,0,1,1,1.0,Deplasman,Deplasman,5.0,4.0,1.67,0.1773360911178465,0.35392182208801737,0.4687420866900358,0.4399376961340935,0.5157186227048526,167.0
176,2023-01-12,7,Fulham,Chelsea,2,1,1,1,0,0.0,Ev,Beraberlik,3.3,3.5,2.15,0.3210402814238103,0.3713884086567878,0.30757130990619397,0.45463833369178064,0.5582793755546425,0.0
177,2023-01-13,20,Aston Villa,Leeds United,2,1,1,1,0,1.0,Ev,Ev,1.91,3.6,4.0,0.400567995792826,0.3538673787994119,0.2455646253338209,0.4904396967043151,0.5768709271781493,191.0
178,2023-01-14,20,Nottingham Forest,Leicester City,2,0,1,1,0,0.0,Ev,Beraberlik,2.7,3.3,2.63,0.3236629828752197,0.34517061396640786,0.33116640308820444,0.534687087889319,0.6174635364288447,0.0
179,2023-01-14,20,Brentford,Bournemouth,2,0,1,0,0,1.0,Ev,Ev,1.65,4.0,5.25,0.5808320298438632,0.29421260468794774,0.12495536287457318,0.5364538750833111,0.54286750602399,165.0
180,2023-01-14,20,Manchester Utd,Manchester City,2,1,1,1,0,0.0,Ev,Deplasman,4.2,3.6,1.85,0.2283044261942951,0.3268310722522622,0.4448645010893108,0.5577799658016781,0.618686163239627,0.0
181,2023-01-14,20,Wolves,West Ham,1,0,1,1,0,0.0,Ev,Beraberlik,2.63,3.3,2.7,0.28203323693090065,0.3969460554130992,0.32102070765356333,0.3754955428152249,0.49577124687608193,0.0
182,2023-01-14,20,Brighton,Liverpool,3,0,2,1,0,1.0,Ev,Ev,3.4,3.6,2.1,0.4843384962537774,0.27151646195758816,0.2441450313130601,0.7152551122656571,0.7284690162026535,340.0
183,2023-01-14,20,Everton,Southampton,1,2,1,1,0,0.0,Deplasman,Ev,2.25,3.25,3.3,0.40435416951977077,0.3636412599345873,0.23200457050193513,0.45532038927093776,0.5482855934252583,0.0
184,2023-01-15,20,Tottenham,Arsenal,0,2,1,1,0,0.0,Deplasman,Ev,3.1,3.6,2.2,0.36831607098324,0.33796573279179337,0.2937181960943533,0.5526060568024967,0.6285615363970931,0.0
185,2023-01-15,20,Newcastle Utd,Fulham,1,0,2,0,0,1.0,Ev,Ev,1.5,4.33,6.5,0.6694956893395618,0.249816049514828,0.0806882474187431,0.5686974104695086,0.5076866434408244,150.0
186,2023-01-15,20,Chelsea,Crystal Palace,1,0,1,0,1,0.0,Ev,Beraberlik,1.62,4.0,5.25,0.38583683746005226,0.4088790466373544,0.20528411590039264,0.3127505301962718,0.43090046974670493,0.0
187,2023-01-18,7,Crystal Palace,Manchester Utd,1,1,1,1,1,1.0,Beraberlik,Beraberlik,4.5,3.6,1.8,0.29499994677048164,0.38312960304312643,0.3218704501802463,0.4182099900160031,0.5300615985644347,360.0
188,2023-01-19,7,Manchester City,Tottenham,4,2,1,0,0,1.0,Ev,Ev,1.36,5.0,8.5,0.5677980552100408,0.30191679588929654,0.13028514711928627,0.5236716233156681,0.539476475149594,136.0
189,2023-01-21,21,Liverpool,Chelsea,0,0,1,1,0,0.0,Beraberlik,Ev,1.85,3.75,4.0,0.5222528251494181,0.30739352014610577,0.17035365304998745,0.5625345811403399,0.5953747268492989,0.0
190,2023-01-21,21,Leicester City,Brighton,2,2,1,2,0,0.0,Beraberlik,Deplasman,3.6,3.5,2.05,0.28107173718099243,0.2778226347545245,0.4411056223746978,0.7145695366988312,0.7367490070425562,0.0
191,2023-01-21,21,Crystal Palace,Newcastle Utd,0,0,0,1,0,0.0,Beraberlik,Deplasman,4.4,3.5,1.85,0.1814365015662277,0.39177940741658124,0.4267840910087655,0.33972456336425155,0.44326303486059515,0.0
192,2023-01-21,21,Southampton,Aston Villa,0,1,1,1,0,0.0,Deplasman,Beraberlik,2.88,3.25,2.55,0.3073736106426381,0.39938994070380185,0.29323644865164783,0.3692348391865409,0.4911643276923533,0.0
193,2023-01-21,21,Bournemouth,Nottingham Forest,1,1,1,1,1,0.0,Beraberlik,Ev,2.75,3.1,2.75,0.3817649249559331,0.3699006203006431,0.24833445471895316,0.4453052417694501,0.5448881115836585,0.0
194,2023-01-21,21,West Ham,Everton,2,0,1,1,0,1.0,Ev,Ev,1.8,3.75,4.75,0.46292770239782294,0.3428717994498492,0.1942004979487216,0.48721801997728637,0.5571931199067985,180.0
195,2023-01-22,21,Arsenal,Manchester Utd,3,2,1,1,0,1.0,Ev,Ev,1.8,3.8,4.2,0.5000703865660345,0.2921538370505562,0.20777577256070828,0.6385260364514075,0.6647592853909287,180.0
196,2023-01-22,21,Manchester City,Wolves,3,0,2,0,0,1.0,Ev,Ev,1.2,8.0,11.0,0.6931858068368931,0.24688102935593703,0.05993315551662759,0.5124300015398189,0.43247165319848374,120.0
197,2023-01-22,21,Leeds United,Brentford,0,0,1,1,0,1.0,Beraberlik,Beraberlik,2.38,3.6,2.88,0.3301571661771585,0.34441946501669024,0.32542336873274796,0.536977358589895,0.6191265063540351,360.0
198,2023-01-23,21,Fulham,Tottenham,0,1,1,1,0,1.0,Deplasman,Deplasman,3.3,3.6,2.1,0.2581090418850931,0.3460444742654294,0.39584648374028153,0.5184931292632751,0.5993784883256407,210.0
199,2023-02-03,22,Chelsea,Fulham,0,0,1,0,0,0.0,Beraberlik,Ev,1.62,4.0,5.25,0.46105030974723754,0.3475367451783272,0.19141294492100067,0.47157028948715796,0.5450164023450417,0.0
200,2023-02-04,22,Newcastle Utd,West Ham,1,1,1,0,0,0.0,Beraberlik,Ev,1.6,3.8,6.0,0.5586256774853925,0.3171883659328531,0.12418595589159465,0.4702527009423386,0.4980973414403186,0.0
201,2023-02-04,22,Wolves,Liverpool,3,0,1,1,0,0.0,Ev,Deplasman,4.0,3.8,1.85,0.22511523501494643,0.34009019346079183,0.4347945713142201,0.5184348046508487,0.5907628272664678,0.0
202,2023-02-04,22,Brentford,Southampton,3,0,1,0,0,1.0,Ev,Ev,1.85,3.6,4.2,0.5211195338397858,0.3349554773434475,0.14392498852336652,0.45183521627835427,0.5025119946116454,185.0
203,2023-02-04,22,Aston Villa,Leicester City,2,4,1,1,0,0.0,Deplasman,Ev,1.95,3.6,3.8,0.4250945962752767,0.336385051199464,0.2385203522851257,0.5368157405696118,0.6074436095248479,0.0
204,2023-02-04,22,Everton,Arsenal,1,0,1,1,0,0.0,Ev,Deplasman,8.5,4.5,1.4,0.24622995650087406,0.32503568345715,0.4287343595872284,0.5728147361081178,0.6340799548255648,0.0
205,2023-02-04,22,Brighton,Bournemouth,1,0,2,0,0,1.0,Ev,Ev,1.33,5.25,8.5,0.6907742496450027,0.21651356528495333,0.09271207787696115,0.6918754512120171,0.6064414022350254,133.0
206,2023-02-04,22,Manchester Utd,Crystal Palace,2,1,1,0,0,1.0,Ev,Ev,1.4,4.75,8.0,0.47310513242878355,0.3527647003828884,0.17413016707661302,0.4397985503249715,0.513882704533355,140.0
207,2023-02-05,22,Nottingham Forest,Leeds United,1,0,1,1,0,0.0,Ev,Beraberlik,2.63,3.3,2.7,0.30394043642811625,0.3594879305265984,0.33657163301557286,0.4904324049052615,0.5847899434200645,0.0
208,2023-02-05,22,Tottenham,Manchester City,1,0,1,1,0,0.0,Ev,Deplasman,4.33,4.2,1.73,0.24023005744052195,0.3552963895138225,0.40447355297496934,0.48369632295300874,0.5707849196067706,0.0
209,2023-02-08,8,Manchester Utd,Leeds United,2,2,1,1,0,0.0,Beraberlik,Ev,1.45,5.0,6.0,0.49560713358571234,0.29194951999287827,0.21244334260881095,0.6425280096009104,0.6693412078408284,0.0
210,2023-02-11,23,Southampton,Wolves,1,2,1,0,0,0.0,Deplasman,Beraberlik,2.9,3.2,2.55,0.38096338676783353,0.39514503318789584,0.22389158003907947,0.3612106346328424,0.47529970079902056,0.0
211,2023-02-11,23,Arsenal,Brentford,1,1,1,1,1,0.0,Beraberlik,Ev,1.44,4.75,7.0,0.45435974042622623,0.3290681758213359,0.21657208331875014,0.5437621539725327,0.6051351448647141,0.0
212,2023-02-11,23,West Ham,Chelsea,1,1,1,0,0,0.0,Beraberlik,Ev,3.3,3.3,2.25,0.3943549147617892,0.37966205036251144,0.22598303486029025,0.4060684680100245,0.5103363119413558,0.0
213,2023-02-11,23,Leicester City,Tottenham,4,1,1,1,0,0.0,Ev,Deplasman,3.4,3.6,2.1,0.3236104488362115,0.3223965690056357,0.353992981872649,0.6019103060739466,0.6649952855315046,0.0
214,2023-02-11,23,Bournemouth,Newcastle Utd,1,1,0,1,0,0.0,Beraberlik,Deplasman,6.5,4.0,1.53,0.14629629555663018,0.31657162400414673,0.537132079556265,0.5068182893095078,0.5417171300491574,0.0
215,2023-02-11,23,Fulham,Nottingham Forest,2,0,1,1,0,1.0,Ev,Ev,1.91,3.5,4.33,0.41311599663506915,0.3615457886757757,0.22533821463615086,0.4574347174648819,0.547896746856539,191.0
216,2023-02-11,23,Crystal Palace,Brighton,1,1,1,1,1,0.0,Beraberlik,Deplasman,3.8,3.5,2.0,0.23416617568830578,0.3614941748035152,0.4043396494586725,0.4626779248200557,0.5541770388570908,0.0
217,2023-02-12,23,Leeds United,Manchester Utd,0,2,1,1,0,0.0,Deplasman,Ev,3.75,3.8,1.91,0.3654330935147411,0.31309061347346173,0.3214762925044511,0.628348547393867,0.6831942411509457,0.0
218,2023-02-12,23,Manchester City,Aston Villa,3,1,1,0,0,1.0,Ev,Ev,1.25,6.5,11.0,0.618335815421074,0.28925285135965867,0.09241133122716241,0.4840034609758262,0.4705545881832276,125.0
219,2023-02-13,23,Liverpool,Everton,2,0,2,1,0,1.0,Ev,Ev,1.5,4.33,6.5,0.6022920230348376,0.2591240600170408,0.13858389703535948,0.6543762627838974,0.6323531993952202,150.0
220,2023-02-15,12,Arsenal,Manchester City,1,3,1,1,0,1.0,Deplasman,Deplasman,2.9,3.5,2.35,0.27761720258351835,0.354714876680869,0.3676679206849641,0.49982334740896794,0.589330044362804,235.0
221,2023-02-18,24,Brentford,Crystal Palace,1,1,1,0,0,0.0,Beraberlik,Ev,1.83,3.5,4.5,0.4653855778171969,0.37498016725653766,0.15963425490051403,0.3621234807143702,0.4488415595891465,0.0
222,2023-02-18,24,Everton,Leeds United,1,0,1,1,0,1.0,Ev,Ev,2.4,3.3,3.0,0.36371999904167535,0.33192930250099223,0.3043506982810698,0.5720643241295009,0.6431056103655142,240.0
223,2023-02-18,24,Newcastle Utd,Liverpool,0,2,1,1,0,0.0,Deplasman,Ev,2.5,3.5,2.7,0.5118721288246776,0.30481046875528933,0.18331740047891204,0.5831311725781023,0.6164630846903834,0.0
224,2023-02-18,24,Aston Villa,Arsenal,2,4,1,1,0,0.0,Deplasman,Beraberlik,4.5,3.6,1.5,0.28379629418957736,0.3615321449156842,0.3546715608646318,0.48119327365749254,0.5765643301899931,0.0
225,2023-02-18,24,Brighton,Fulham,0,1,2,1,0,0.0,Deplasman,Ev,1.65,3.8,5.5,0.662573289382893,0.22914291200484066,0.10828372811385069,0.687343420909355,0.6235690547782649,0.0
226,2023-02-18,24,Wolves,Bournemouth,0,1,1,1,0,0.0,Deplasman,Ev,1.67,3.6,6.0,0.3992615554398371,0.3724522522665961,0.22828619226870114,0.42796318715862697,0.5272822360054179,0.0
227,2023-02-18,24,Chelsea,Southampton,0,1,1,0,0,0.0,Deplasman,Ev,1.4,4.75,8.5,0.4346416526572367,0.3750463833505784,0.19031196396618671,0.39336414909176143,0.488176985141097,0.0
228,2023-02-18,24,Nottingham Forest,Manchester City,1,1,0,1,0,0.0,Beraberlik,Deplasman,8.5,5.5,1.3,0.11976959671507238,0.3162379502667995,0.5639924523299338,0.4650081729856069,0.4902222228774204,0.0
229,2023-02-19,24,Manchester Utd,Leicester City,3,0,2,1,0,1.0,Ev,Ev,1.62,4.33,5.25,0.524527320033775,0.2717072207466566,0.20376544723441828,0.6892748837839663,0.6964099494331775,162.0
230,2023-02-19,24,Tottenham,West Ham,2,0,1,1,0,1.0,Ev,Ev,1.75,3.6,4.75,0.450460214164042,0.35014728336063783,0.19939250234780234,0.47114595827585876,0.5482686286280762,175.0
231,2023-02-24,25,Fulham,Wolves,1,1,1,1,1,0.0,Beraberlik,Ev,2.5,3.2,3.0,0.39456525118482544,0.3711382507101409,0.23429649807923902,0.4350253534013746,0.5340874919121916,0.0
232,2023-02-25,25,West Ham,Nottingham Forest,4,0,1,0,0,1.0,Ev,Ev,1.75,3.6,5.0,0.48707141586803304,0.35343291842056973,0.1594956656081305,0.42109658572442527,0.4918933272678817,175.0
233,2023-02-25,25,Leeds United,Southampton,1,0,1,1,0,1.0,Ev,Ev,1.95,3.5,4.0,0.45692857900680345,0.34755357758449296,0.19551784325690452,0.475170136640522,0.5494026265230066,195.0
234,2023-02-25,25,Everton,Aston Villa,0,2,1,1,0,0.0,Deplasman,Beraberlik,2.5,3.2,3.0,0.34114486375309216,0.3643956758724012,0.2944594603518473,0.47455858800240525,0.5725901919194716,0.0
235,2023-02-25,25,Bournemouth,Manchester City,1,4,0,1,0,1.0,Deplasman,Deplasman,10.0,5.75,1.29,0.11745438392087758,0.29957724721018725,0.5829683671263332,0.5078996993054515,0.5164853955048946,129.0
236,2023-02-25,25,Crystal Palace,Liverpool,0,0,1,1,0,1.0,Beraberlik,Beraberlik,4.75,3.8,1.73,0.25324659159839596,0.3804270393118276,0.36632636907869776,0.4166901078181058,0.5244861268938993,380.0
237,2023-02-25,25,Leicester City,Arsenal,0,1,1,1,0,1.0,Deplasman,Deplasman,4.75,4.0,1.7,0.28561355336856914,0.31179215160902063,0.4025942943002834,0.6250205808570483,0.6773566891638415,170.0
238,2023-02-26,25,Tottenham,Chelsea,2,0,1,1,0,1.0,Ev,Ev,2.55,3.25,2.9,0.473711880410166,0.33966305214542386,0.18662506719333527,0.48928016314959144,0.5550069563569922,254.99999999999997
239,2023-03-01,7,Liverpool,Wolves,2,0,2,0,1,1.0,Ev,Ev,1.5,4.75,6.0,0.601664339458472,0.2801873429990444,0.11814831234326093,0.5639883109001657,0.5539776386029,150.0
240,2023-03-01,7,Arsenal,Everton,4,0,2,1,0,1.0,Ev,Ev,1.36,4.75,10.0,0.6016167902471874,0.2689647952570006,0.12941840363326595,0.6141322542635419,0.5978417375180988,136.0
241,2023-03-04,26,Wolves,Tottenham,1,0,1,1,0,0.0,Ev,Deplasman,3.3,3.4,2.2,0.24119146563213545,0.36730057353415685,0.3915079608022958,0.4495682008373294,0.5464377125712621,0.0
242,2023-03-04,26,Aston Villa,Crystal Palace,1,0,1,0,1,0.0,Ev,Beraberlik,2.05,3.3,3.8,0.3866642787638683,0.4111320319712522,0.20220368926297858,0.30483207435077425,0.42335267589464126,0.0
243,2023-03-04,26,Brighton,West Ham,4,0,1,1,0,1.0,Ev,Ev,1.8,3.6,4.5,0.5433635635369645,0.29248862856260255,0.16414780415039515,0.5965024948885712,0.6137964102252634,180.0
244,2023-03-04,26,Arsenal,Bournemouth,3,2,2,0,0,1.0,Ev,Ev,1.22,7.0,12.0,0.6414781882182168,0.2573176188563181,0.10120417888108628,0.5956353852850277,0.5548197679688263,122.0
245,2023-03-04,26,Chelsea,Leeds United,1,0,1,1,0,1.0,Ev,Ev,1.62,4.0,5.5,0.3992717502388674,0.3510288471974178,0.24969940247807787,0.5005356712306366,0.5849637372823454,162.0
246,2023-03-04,26,Manchester City,Newcastle Utd,2,0,1,1,0,1.0,Ev,Ev,1.45,4.5,7.0,0.4363429886877654,0.35765391223673665,0.20600309899851846,0.45520089798490054,0.5396670702689613,145.0
247,2023-03-04,26,Southampton,Leicester City,1,0,1,1,0,0.0,Ev,Beraberlik,2.75,3.3,2.6,0.34752497075899097,0.3548268524190528,0.2976481767798407,0.5036243559546,0.5940374100954611,0.0
248,2023-03-05,26,Liverpool,Manchester Utd,7,0,2,1,0,1.0,Ev,Ev,2.38,3.6,2.88,0.4970166852436055,0.28026663880335767,0.22271666887707822,0.6803786541309828,0.6982756552770155,238.0
249,2023-03-05,26,Nottingham Forest,Everton,2,2,1,1,0,1.0,Beraberlik,Beraberlik,2.7,3.0,2.88,0.34865110180606984,0.36231502712678443,0.289033871039903,0.47990106890365203,0.5761074657749758,300.0
250,2023-03-06,26,Brentford,Fulham,3,2,1,0,0,1.0,Ev,Ev,1.95,3.6,3.75,0.5524524251800061,0.3049441344294926,0.14260343871748513,0.5341240020012552,0.5569887172332929,195.0
251,2023-03-11,27,Bournemouth,Liverpool,1,0,1,1,0,0.0,Ev,Deplasman,7.5,5.0,1.4,0.21501647830872628,0.31365867470328657,0.4713248458985773,0.5854755321851978,0.6325915619720842,0.0
252,2023-03-11,27,Everton,Brentford,1,0,1,1,0,0.0,Ev,Deplasman,2.7,3.25,2.7,0.2817423648408178,0.34567238483217055,0.3725852502385549,0.5273815311005976,0.6094675326528626,0.0
253,2023-03-11,27,Leeds United,Brighton,2,2,1,1,0,0.0,Beraberlik,Deplasman,3.75,3.6,1.95,0.2895175985744755,0.29560578273131344,0.4148766168395188,0.6703402562525007,0.708493177625741,0.0
254,2023-03-11,27,Leicester City,Chelsea,1,3,1,1,0,0.0,Deplasman,Ev,3.75,3.5,1.95,0.39395592604740065,0.3385803541524815,0.2674637196390331,0.5435100831317828,0.618599446988676,0.0
255,2023-03-11,27,Crystal Palace,Manchester City,0,1,0,1,1,1.0,Deplasman,Deplasman,9.0,4.75,1.36,0.1510560201265056,0.38056684925924694,0.46837713059721237,0.33680466391633906,0.42419594671016847,136.0
256,2023-03-11,27,Tottenham,Nottingham Forest,3,1,1,0,0,1.0,Ev,Ev,1.44,4.75,7.0,0.5722227702514869,0.30246035202060434,0.12531687609233624,0.5138128774305158,0.5282893311547979,144.0
257,2023-03-12,27,West Ham,Aston Villa,1,1,1,0,0,0.0,Beraberlik,Ev,2.2,3.3,3.4,0.388513992607635,0.38363391860308255,0.22785208877782134,0.39581918651320974,0.5030942127586934,0.0
258,2023-03-12,27,Manchester Utd,Southampton,0,0,1,0,0,0.0,Beraberlik,Ev,1.36,5.0,9.0,0.5307962123997247,0.3117792581611879,0.15742452820213743,0.5350665960585627,0.568712909794437,0.0
259,2023-03-12,27,Newcastle Utd,Wolves,2,1,2,0,0,1.0,Ev,Ev,1.65,3.75,5.5,0.653513930424148,0.2691207005152148,0.0773653648141942,0.5026431759873758,0.45967662486637717,165.0
260,2023-03-12,27,Fulham,Arsenal,0,3,1,1,0,1.0,Deplasman,Deplasman,6.0,4.0,1.57,0.22531615372979574,0.33064140360946476,0.4440424422854406,0.5452179572937172,0.6091800431148503,157.0
261,2023-03-15,8,Brighton,Crystal Palace,1,0,1,0,1,1.0,Ev,Ev,1.44,4.2,8.0,0.5653758371306921,0.30735281146097226,0.12727135014298355,0.5033378526688946,0.5231957415579871,144.0
262,2023-03-15,7,Southampton,Brentford,0,2,1,1,0,0.0,Deplasman,Beraberlik,2.88,3.25,2.5,0.25418000204335506,0.37967916998282225,0.3661408279622557,0.4192109304470682,0.5265546043018008,0.0
263,2023-03-17,28,Nottingham Forest,Newcastle Utd,1,2,0,1,0,1.0,Deplasman,Deplasman,5.5,3.8,1.62,0.14818616827145167,0.3326796676467475,0.5191341637351282,0.4642562338585138,0.5142814804379685,162.0
264,2023-03-18,28,Wolves,Leeds United,2,4,1,1,0,0.0,Deplasman,Beraberlik,2.25,3.2,3.3,0.3134374232891441,0.36664521343008427,0.31991736326284,0.469289870333051,0.5693823780090692,0.0
265,2023-03-18,28,Brentford,Leicester City,1,1,1,1,1,0.0,Beraberlik,Ev,1.91,3.6,3.75,0.5181045624642852,0.2974736960107972,0.18442173859132727,0.6042453817105771,0.6309773714031041,0.0
266,2023-03-18,28,Aston Villa,Bournemouth,3,0,1,0,0,1.0,Ev,Ev,1.7,3.8,5.0,0.48980770632781134,0.34252683085458563,0.16766546260923307,0.461315052319301,0.5252625101287282,170.0
267,2023-03-18,28,Southampton,Tottenham,3,3,1,1,0,0.0,Beraberlik,Deplasman,4.75,3.6,1.75,0.25329214730551214,0.37312676967541447,0.3735810830005146,0.43795436955475736,0.540426497437922,0.0
268,2023-03-18,28,Chelsea,Everton,2,2,1,1,0,0.0,Beraberlik,Ev,1.5,4.2,7.5,0.44726053354722195,0.3436399659405932,0.20909950032791397,0.49726152199109963,0.5704303833314861,0.0
269,2023-03-19,28,Arsenal,Crystal Palace,4,1,1,0,0,1.0,Ev,Ev,1.25,5.5,15.0,0.5204020639811408,0.3446717959197571,0.13492613994933425,0.41119962555109085,0.4669419181311915,125.0
270,2023-04-01,29,Nottingham Forest,Wolves,1,1,1,1,1,1.0,Beraberlik,Beraberlik,3.0,3.1,2.55,0.3600512642261852,0.3906003520334691,0.24934838373481724,0.3857886744175072,0.5000995046275959,310.0
271,2023-04-01,29,Arsenal,Leeds United,4,1,2,1,0,1.0,Ev,Ev,1.29,6.0,9.0,0.5514865103576376,0.2869273436440445,0.1615861409481463,0.6086894346242029,0.620066650671977,129.0
272,2023-04-01,29,Crystal Palace,Leicester City,2,1,1,1,0,0.0,Ev,Beraberlik,2.5,3.25,2.9,0.3595024630906817,0.3801154763286841,0.260382060570172,0.4200808328074273,0.5282230140398934,0.0
273,2023-04-01,29,Manchester City,Liverpool,4,1,1,1,0,1.0,Ev,Ev,1.62,4.2,5.0,0.5612776557605911,0.29085768777594995,0.14786465265523155,0.5806521734870405,0.5917655617265243,162.0
274,2023-04-01,29,Bournemouth,Fulham,2,1,1,1,0,1.0,Ev,Ev,2.55,3.3,2.8,0.36731291658053006,0.357236973350694,0.27545011002507375,0.4918260685596974,0.58329854480497,254.99999999999997
275,2023-04-01,29,Brighton,Brentford,3,3,1,1,0,0.0,Beraberlik,Ev,1.67,4.0,5.0,0.49649368319341897,0.29317885360523743,0.21032745961960242,0.6376935317595986,0.6652860547645052,0.0
276,2023-04-01,29,Chelsea,Aston Villa,0,2,1,1,0,0.0,Deplasman,Beraberlik,1.67,3.8,5.25,0.37386177844273455,0.38258881435882125,0.24354940718789106,0.40651975758384173,0.514920714530489,0.0
277,2023-04-02,29,Newcastle Utd,Manchester Utd,2,0,2,1,0,1.0,Ev,Ev,2.4,3.4,2.9,0.5675246957363563,0.2834647607024891,0.1490105378071375,0.6025027972053947,0.6069396043694426,240.0
278,2023-04-02,29,West Ham,Southampton,1,0,1,0,1,1.0,Ev,Ev,1.73,3.6,5.0,0.4489486724866261,0.373778334389521,0.17727299309504663,0.38462678318174665,0.4755044117286399,173.0
279,2023-04-03,29,Everton,Tottenham,1,1,1,1,1,0.0,Beraberlik,Deplasman,3.4,3.3,2.2,0.28090982622505556,0.33873387165578567,0.38035630197931297,0.5473086991904358,0.6233478563386106,0.0
280,2023-04-04,7,Bournemouth,Brighton,0,2,1,2,0,1.0,Deplasman,Deplasman,6.0,4.2,1.53,0.19418690515735498,0.2886061271556583,0.5172069629039757,0.6370308964775164,0.6575449600525755,153.0
281,2023-04-04,8,Chelsea,Liverpool,0,0,1,1,0,0.0,Beraberlik,Deplasman,2.2,3.4,3.25,0.30089453561459384,0.3439386469313721,0.35516681737009076,0.5363910769537372,0.6177468217632529,0.0
282,2023-04-04,7,Leeds United,Nottingham Forest,2,1,1,1,0,1.0,Ev,Ev,1.7,3.75,5.0,0.49715459386502375,0.3270600427071506,0.17578536289295857,0.5136917379532627,0.5659136250576159,170.0
283,2023-04-04,7,Leicester City,Aston Villa,1,2,1,1,0,0.0,Deplasman,Ev,2.55,3.3,2.75,0.3878211042806452,0.342678241624045,0.2695006539740047,0.5324190957634334,0.6112181734082371,0.0
284,2023-04-05,25,Manchester Utd,Brentford,1,0,1,1,0,1.0,Ev,Ev,1.65,4.0,5.0,0.398683654089674,0.3250099194024793,0.27630642615953593,0.5851750076438897,0.6488067498465517,165.0
285,2023-04-05,7,West Ham,Newcastle Utd,1,5,1,1,0,1.0,Deplasman,Deplasman,3.6,3.25,2.15,0.22701662713088006,0.37169750950382946,0.40128586333882726,0.4293925896982576,0.5279808314586695,215.0
286,2023-04-08,30,Manchester Utd,Everton,2,0,2,1,0,1.0,Ev,Ev,1.5,4.33,6.5,0.5485418835118047,0.27862840188391225,0.1728297064068413,0.6434617472818511,0.6500524010911085,150.0
287,2023-04-08,30,Tottenham,Brighton,2,1,1,1,0,1.0,Ev,Ev,2.55,3.5,2.7,0.36982983216982757,0.3080488755234532,0.32212129162106845,0.6426248195026207,0.6930391730438448,254.99999999999997
288,2023-04-08,30,Brentford,Newcastle Utd,1,2,1,1,0,0.0,Deplasman,Beraberlik,3.6,3.4,2.05,0.2795960673951435,0.36269099133515903,0.3577129412407399,0.47680918217060864,0.5729149168199386,0.0
289,2023-04-08,30,Aston Villa,Nottingham Forest,2,0,1,0,0,1.0,Ev,Ev,1.6,4.2,5.25,0.47313498986039637,0.3577585139494079,0.1691064961093056,0.4203454985360463,0.4971828234898551,160.0
290,2023-04-08,30,Wolves,Chelsea,1,0,1,1,0,0.0,Ev,Beraberlik,4.2,3.5,1.91,0.2997758363325564,0.3932874260968685,0.3069367375676417,0.38779310910121034,0.5062405187525799,0.0
291,2023-04-08,30,Leicester City,Bournemouth,0,1,1,1,0,0.0,Deplasman,Ev,1.83,3.75,4.2,0.5135303297334726,0.30025062208198844,0.18621904567466033,0.5983895688237203,0.6280792670191654,0.0
292,2023-04-08,30,Fulham,West Ham,0,1,1,1,0,0.0,Deplasman,Beraberlik,2.8,3.25,2.63,0.3018059867619539,0.3757352602742555,0.32245875295379195,0.44111044299714114,0.5478794212822494,0.0
293,2023-04-08,30,Southampton,Manchester City,1,4,0,1,0,1.0,Deplasman,Deplasman,11.0,6.0,1.25,0.13572418781382609,0.34045982820770176,0.5238159837829195,0.4241378240283539,0.47670617848562924,125.0
294,2023-04-09,30,Liverpool,Arsenal,2,2,1,1,0,0.0,Beraberlik,Ev,2.88,3.6,2.38,0.4116236421213852,0.31204472408443634,0.2763316330211027,0.6214487144886801,0.6734468088122372,0.0
295,2023-04-09,30,Leeds United,Crystal Palace,1,5,1,0,0,0.0,Deplasman,Ev,2.1,3.4,3.6,0.40502369624449863,0.38345262821013987,0.21152367553213158,0.38634756654005775,0.4910419250878541,0.0
296,2023-04-15,31,Tottenham,Bournemouth,2,3,2,0,0,0.0,Deplasman,Ev,1.45,4.5,7.0,0.5914179717795098,0.2855433931273347,0.12303863098412679,0.5575484479416173,0.554792729025323,0.0
297,2023-04-15,31,Manchester City,Leicester City,3,1,2,0,0,1.0,Ev,Ev,1.14,8.5,15.0,0.6888728142366305,0.2285663315174109,0.082560808533588,0.6350979783624409,0.5535749390095823,113.99999999999999
298,2023-04-15,31,Aston Villa,Newcastle Utd,3,0,0,1,0,0.0,Ev,Deplasman,3.6,3.4,2.05,0.21582311018882877,0.367239796744111,0.4169370930282022,0.4350809677930791,0.5287022522334809,0.0
299,2023-04-15,31,Everton,Fulham,1,3,1,1,0,0.0,Deplasman,Ev,2.05,3.4,3.7,0.42879801496095554,0.3357555357215421,0.2354464490618168,0.5368961824930591,0.6066303315881466,0.0
300,2023-04-15,31,Southampton,Crystal Palace,0,2,0,0,0,0.0,Deplasman,Beraberlik,2.8,3.1,2.7,0.3223564384261799,0.4294395877237811,0.24820397384977172,0.2776508521483297,0.41023884794311943,0.0
301,2023-04-15,31,Wolves,Brentford,2,0,1,1,0,0.0,Ev,Deplasman,2.45,3.1,3.0,0.2422267390914214,0.37405946292319553,0.3837137979658533,0.43053743954368134,0.5326663589925493,0.0
302,2023-04-15,31,Chelsea,Brighton,1,2,1,1,0,1.0,Deplasman,Deplasman,2.63,3.4,2.63,0.27932404028551905,0.3259212886509196,0.39475467074373144,0.5835361765706333,0.6481628506675212,263.0
303,2023-04-16,31,Nottingham Forest,Manchester Utd,0,2,1,1,0,1.0,Deplasman,Deplasman,5.5,4.0,1.62,0.2574072404628969,0.33865317974631554,0.4039395796141415,0.5394168749685692,0.6138176032127005,162.0
304,2023-04-16,31,West Ham,Arsenal,2,2,1,1,0,1.0,Beraberlik,Beraberlik,6.0,4.2,1.55,0.29691103877352343,0.36367863646204446,0.33941032474104393,0.47704163800637017,0.5745761403803566,420.0
305,2023-04-17,31,Leeds United,Liverpool,1,6,1,1,0,1.0,Deplasman,Deplasman,4.2,4.2,1.73,0.3129999535170469,0.31427884762721486,0.3727211983594779,0.6239318498859001,0.679624421243754,173.0
306,2023-04-21,32,Arsenal,Southampton,3,3,1,0,0,0.0,Beraberlik,Ev,1.2,7.0,13.0,0.5797750393024337,0.30097933968742485,0.11924561936124822,0.5072320439849017,0.5178996609304726,0.0
307,2023-04-22,32,Crystal Palace,Everton,0,0,1,0,0,1.0,Beraberlik,Beraberlik,2.05,3.2,3.75,0.3812784463122291,0.3915485013199011,0.2271730523613301,0.3730623765704562,0.48542187729321534,320.0
308,2023-04-22,32,Fulham,Leeds United,2,1,1,1,0,0.0,Ev,Beraberlik,2.3,3.4,3.1,0.33628693658722136,0.34322986507727754,0.3204831982558274,0.5404058425862777,0.6215217379107196,0.0
309,2023-04-22,32,Brentford,Aston Villa,1,1,1,0,0,0.0,Beraberlik,Ev,2.5,3.25,2.88,0.4578520263905503,0.35193136890749954,0.19021660458515746,0.45809383626423483,0.5349947103119024,0.0
310,2023-04-22,32,Leicester City,Wolves,2,1,1,1,0,1.0,Ev,Ev,2.38,3.3,3.0,0.4749790966848482,0.3283381654130383,0.19668273741388195,0.530227916400444,0.5877786986366257,238.0
311,2023-04-22,32,Liverpool,Nottingham Forest,3,2,2,0,0,1.0,Ev,Ev,1.17,7.5,17.0,0.6237156360080504,0.2655870110471465,0.11069734252164869,0.5912397625184109,0.5634852509596484,117.0
312,2023-04-23,32,Bournemouth,West Ham,0,4,1,1,0,0.0,Deplasman,Beraberlik,2.88,3.2,2.55,0.2746754226538745,0.37666597635145005,0.3486586009831986,0.43423759289157116,0.5407924903032546,0.0
313,2023-04-23,32,Newcastle Utd,Tottenham,6,1,1,0,0,1.0,Ev,Ev,1.83,3.75,4.2,0.5208084057451489,0.3175473786722869,0.1616442146797006,0.5241883394641174,0.5643091011857397,183.0
314,2023-04-25,33,Leeds United,Leicester City,1,1,1,1,1,0.0,Beraberlik,Ev,2.3,3.5,3.0,0.44470647127338564,0.3036739609402037,0.25161956621857634,0.6343708577552705,0.6768115466503887,0.0
315,2023-04-25,33,Aston Villa,Fulham,1,0,1,0,1,1.0,Ev,Ev,1.75,4.0,4.2,0.46184494083226524,0.3498919951000582,0.18826306393448,0.46203267492021116,0.5368438697131882,175.0
316,2023-04-25,33,Wolves,Crystal Palace,2,0,0,0,0,0.0,Ev,Beraberlik,2.45,3.2,3.0,0.3110535186911261,0.42786798447680263,0.261078496831812,0.2845324800431851,0.41767035482947457,0.0
317,2023-04-26,33,Manchester City,Arsenal,4,1,1,0,0,1.0,Ev,Ev,1.55,4.5,5.25,0.5315595087874765,0.3126848718771999,0.15575561816972225,0.5304181613343413,0.564452122567925,155.0
318,2023-04-26,33,Nottingham Forest,Brighton,3,1,1,1,0,0.0,Ev,Deplasman,6.0,4.2,1.53,0.1954838204812015,0.3049522040422239,0.4995639735695672,0.5939311311476743,0.6297917533301998,0.0
319,2023-04-26,33,West Ham,Liverpool,1,2,1,1,0,0.0,Deplasman,Beraberlik,3.9,3.9,1.85,0.3166568748749725,0.34943264164147975,0.3339104834291883,0.5216208744130368,0.6079216706239106,0.0
320,2023-04-26,33,Chelsea,Brentford,0,2,1,1,0,0.0,Deplasman,Beraberlik,1.7,4.0,4.75,0.31656131608318844,0.37249182559737215,0.3109468583072467,0.45137034486904803,0.5558504278966622,0.0
321,2023-04-27,33,Tottenham,Manchester Utd,2,2,1,1,0,0.0,Beraberlik,Ev,2.8,3.6,2.4,0.44779070006482724,0.3107260791330704,0.24148321968947012,0.610018459682058,0.6578151143193037,0.0
322,2023-04-27,33,Southampton,Bournemouth,0,1,1,0,0,0.0,Deplasman,Ev,2.25,3.4,3.2,0.4125997402879407,0.3721272198831603,0.2152730398008118,0.42082813580234074,0.5180767914000238,0.0
323,2023-04-27,33,Everton,Newcastle Utd,1,4,1,1,0,1.0,Deplasman,Deplasman,4.75,3.6,1.73,0.18167620724556466,0.3230732053069517,0.4952505867692205,0.5309256300249954,0.5807972476012965,173.0
324,2023-04-29,34,Brentford,Nottingham Forest,2,1,1,0,0,1.0,Ev,Ev,1.65,3.8,5.5,0.5618563256975664,0.3109520148677516,0.12719165840673116,0.4930446694003396,0.5162559425402617,165.0
325,2023-04-29,34,Brighton,Wolves,6,0,2,0,0,1.0,Ev,Ev,1.5,4.33,6.5,0.6483031711446311,0.24913461893264716,0.10256218759027945,0.6214732187862472,0.5733005261669204,150.0
326,2023-04-29,34,Crystal Palace,West Ham,4,3,0,0,0,0.0,Ev,Beraberlik,2.63,3.25,2.75,0.30562781915611875,0.42488817297459347,0.26948400786898297,0.2938498226876188,0.4265011877241399,0.0
327,2023-04-30,34,Newcastle Utd,Southampton,3,1,1,0,0,1.0,Ev,Ev,1.3,5.25,10.0,0.6342933293742374,0.28167830334691635,0.08402836478124401,0.4844725889662561,0.4586227851063605,130.0
328,2023-04-30,34,Fulham,Manchester City,1,2,0,1,0,1.0,Deplasman,Deplasman,12.0,6.0,1.25,0.1340375272478587,0.31067902991481916,0.5552834417152221,0.5050461752679773,0.5304683060288399,125.0
329,2023-04-30,34,Bournemouth,Leeds United,4,1,1,1,0,0.0,Ev,Deplasman,2.55,3.5,2.7,0.3058886473053667,0.3455815026704862,0.3485298499511255,0.5322113505164334,0.6150968181164965,0.0
330,2023-04-30,34,Liverpool,Tottenham,4,3,1,1,0,1.0,Ev,Ev,1.53,4.5,5.75,0.45233852596049323,0.31114864042095264,0.23651283249638602,0.6061205467529258,0.6537468206008298,153.0
331,2023-04-30,34,Manchester Utd,Aston Villa,1,0,1,1,0,1.0,Ev,Ev,1.73,3.9,4.6,0.4633438170571771,0.3272798835278931,0.20937629891585785,0.5434993138808333,0.6021953996896954,173.0
332,2023-05-01,34,Leicester City,Everton,2,2,1,1,0,0.0,Beraberlik,Ev,2.0,3.5,3.75,0.46708881812356,0.30232722160895953,0.230583958321062,0.6266795561234062,0.6655454794416883,0.0
333,2023-05-02,34,Arsenal,Chelsea,3,1,1,0,0,1.0,Ev,Ev,1.6,4.0,5.5,0.5229133058609733,0.31769485158189353,0.1593918416695712,0.521009156260927,0.5606751428899011,160.0
334,2023-05-03,28,Liverpool,Fulham,1,0,2,1,0,1.0,Ev,Ev,1.25,5.75,11.0,0.6148941725867533,0.26006288811493583,0.1250429225369178,0.6316233473378338,0.6050225813048811,125.0
335,2023-05-03,28,Manchester City,West Ham,3,0,1,0,0,1.0,Ev,Ev,1.2,7.0,13.0,0.6023261903030769,0.2984193100789896,0.09925449825358558,0.47376434695716246,0.4728778965009801,120.0
336,2023-05-04,28,Brighton,Manchester Utd,1,0,2,1,0,1.0,Ev,Ev,1.95,3.5,3.75,0.5452636372026777,0.2549046864023279,0.19983164626630406,0.7290524693109528,0.7210113178935642,195.0
337,2023-05-06,35,Bournemouth,Chelsea,1,3,1,1,0,0.0,Deplasman,Beraberlik,3.3,3.5,2.15,0.2928074646436739,0.3735498651706911,0.3336426701734267,0.4468418967068486,0.5518230459936807,0.0
338,2023-05-06,35,Wolves,Aston Villa,1,0,1,1,0,0.0,Ev,Beraberlik,2.88,3.3,2.5,0.2951416416966952,0.3963930958351075,0.308465262465829,0.37828696378140847,0.49853363716659516,0.0
339,2023-05-06,35,Liverpool,Brentford,1,0,1,1,0,1.0,Ev,Ev,1.44,5.0,6.0,0.4512406588938776,0.3170675350605099,0.23169180523014843,0.5870092945218294,0.6394648479694085,144.0
340,2023-05-06,35,Manchester City,Leeds United,2,1,2,0,0,1.0,Ev,Ev,1.17,8.5,15.0,0.6586835328704965,0.252105545247805,0.08921090708895732,0.5836708631415664,0.5305961810855896,117.0
341,2023-05-06,35,Tottenham,Crystal Palace,1,0,1,0,1,1.0,Ev,Ev,1.8,3.8,4.2,0.4744058331258047,0.367583173971381,0.15801099286125708,0.38024872936960474,0.46133725401479686,180.0
342,2023-05-07,35,West Ham,Manchester Utd,1,0,1,1,0,1.0,Ev,Ev,3.4,3.75,2.05,0.36602945062060155,0.34612108690437604,0.2878494623939194,0.5275399498696035,0.6102933580197683,340.0
343,2023-05-07,35,Newcastle Utd,Arsenal,0,2,1,1,0,0.0,Deplasman,Ev,2.45,3.75,2.63,0.4833280827436662,0.32532722272397835,0.19134469394256728,0.533895167277586,0.5877415384031829,0.0
344,2023-05-08,35,Brighton,Everton,1,5,2,1,0,0.0,Deplasman,Ev,1.33,5.25,9.0,0.6505809829447575,0.22885222205865113,0.12056671151951436,0.7084333864693722,0.6512454228540924,0.0
345,2023-05-08,35,Nottingham Forest,Southampton,4,3,1,1,0,0.0,Ev,Beraberlik,2.1,3.6,3.4,0.3434502639283546,0.3955273581213048,0.2610223779469978,0.37536307517078554,0.4936952495029174,0.0
346,2023-05-08,35,Fulham,Leicester City,5,3,1,1,0,1.0,Ev,Ev,2.63,3.5,2.6,0.35811618833924475,0.32766423393435906,0.3142195775103949,0.585769549152966,0.6533175861556375,263.0
347,2023-05-13,36,Leeds United,Newcastle Utd,2,2,1,1,0,0.0,Beraberlik,Deplasman,4.33,4.2,1.7,0.21980291374991268,0.3342898239150393,0.44590726202466685,0.5313284279479976,0.5978279949024364,0.0
348,2023-05-13,36,Southampton,Fulham,0,2,1,1,0,0.0,Deplasman,Ev,2.75,3.3,2.5,0.3856611326795835,0.3755880950728558,0.23875077222938126,0.42447865795362383,0.5273681019496993,0.0
349,2023-05-13,36,Manchester Utd,Wolves,2,0,1,0,0,1.0,Ev,Ev,1.36,5.0,7.5,0.5513700240171082,0.30138577913119624,0.1472441947408298,0.5506106603710704,0.5715486654303079,136.0
350,2023-05-13,36,Crystal Palace,Bournemouth,2,0,1,0,0,1.0,Ev,Ev,1.83,3.6,4.2,0.4194834059167872,0.39146805136187035,0.18904854271288637,0.34722153496874236,0.4524805351977325,183.0
351,2023-05-13,36,Chelsea,Nottingham Forest,2,2,1,0,0,0.0,Beraberlik,Ev,1.5,4.5,6.0,0.47255117084186815,0.35559415418309104,0.1718546748818256,0.42942102563705853,0.505237253067645,0.0
352,2023-05-13,36,Aston Villa,Tottenham,2,1,1,1,0,0.0,Ev,Beraberlik,2.25,3.6,2.9,0.3180081747834604,0.36970274207071574,0.31228908313115905,0.45992368334312567,0.5623325674355021,0.0
353,2023-05-14,36,Arsenal,Brighton,0,3,1,1,0,0.0,Deplasman,Ev,1.73,4.2,4.2,0.4203616522877964,0.29656934441908095,0.2830690014434829,0.6658426421705288,0.7044528117800247,0.0
354,2023-05-14,36,Brentford,West Ham,2,0,1,0,0,1.0,Ev,Ev,2.0,3.5,3.6,0.4416341329542484,0.35752437121383474,0.20084149575256288,0.4514836277673977,0.5349619555839417,200.0
355,2023-05-14,36,Everton,Manchester City,0,3,0,1,0,1.0,Deplasman,Deplasman,9.0,4.75,1.36,0.14742437368751432,0.30943629833713493,0.5431393266353529,0.5283874599153877,0.5569781627409578,136.0
356,2023-05-15,36,Leicester City,Liverpool,0,3,1,1,0,1.0,Deplasman,Deplasman,5.25,4.33,1.57,0.30559612903335703,0.29754605514150767,0.39685781437931533,0.6689855890777435,0.7096407810684393,157.0
357,2023-05-18,25,Newcastle Utd,Brighton,4,1,1,1,0,1.0,Ev,Ev,2.0,3.8,3.5,0.49250426273098014,0.2988202345939106,0.20867550005755756,0.6212858131795795,0.6537784679560785,200.0
358,2023-05-20,37,Nottingham Forest,Arsenal,1,0,1,1,0,0.0,Ev,Deplasman,5.25,4.33,1.57,0.20182032720751114,0.3406896453742774,0.4574900271904502,0.49985889674428924,0.5692823023751221,0.0
359,2023-05-20,37,Fulham,Crystal Palace,2,2,1,0,0,1.0,Beraberlik,Beraberlik,2.45,3.4,2.9,0.3325474474450327,0.4070281576975246,0.2604243948560491,0.3421697343543269,0.4668370445782719,340.0
360,2023-05-20,37,Bournemouth,Manchester Utd,0,1,1,1,0,1.0,Deplasman,Deplasman,6.0,4.75,1.5,0.2578384023255325,0.323624478200443,0.4185371190243785,0.5821577301787175,0.6432062595003583,150.0
361,2023-05-20,37,Tottenham,Brentford,1,3,1,1,0,0.0,Deplasman,Ev,1.83,3.9,4.0,0.40587004625957296,0.34536419117191797,0.24876576244382648,0.5163910574037303,0.595891710177183,0.0
362,2023-05-20,37,Liverpool,Aston Villa,1,1,1,1,1,0.0,Beraberlik,Ev,1.45,5.0,6.25,0.5149854152015488,0.3125078110726176,0.1725067724847279,0.5507312482656607,0.5888453015915863,0.0
363,2023-05-20,37,Wolves,Everton,1,1,1,1,1,1.0,Beraberlik,Beraberlik,2.75,3.3,2.6,0.35792683213121934,0.3679363679542404,0.274136799893226,0.45993472962787224,0.5598886483363854,330.0
364,2023-05-21,37,West Ham,Leeds United,3,1,1,1,0,1.0,Ev,Ev,2.4,3.5,2.88,0.41515955528120035,0.3520252052687688,0.2328152393568873,0.48908417035461116,0.572620790662958,240.0
365,2023-05-21,37,Brighton,Southampton,3,1,2,0,0,1.0,Ev,Ev,1.22,7.0,11.0,0.6276623247518321,0.2612348966597538,0.11110276532157594,0.6042037059768866,0.5723618280767727,122.0
366,2023-05-21,37,Manchester City,Chelsea,1,0,1,0,1,1.0,Ev,Ev,1.25,6.0,11.0,0.6257983749945535,0.2835382084924781,0.09066341386074939,0.4962217243552488,0.47610876490585735,125.0
367,2023-05-22,37,Newcastle Utd,Leicester City,0,0,2,0,0,0.0,Beraberlik,Ev,1.36,5.5,7.0,0.644129644035505,0.24919711375617706,0.10667321846979669,0.6293776737780091,0.5835162361640945,0.0
368,2023-05-24,32,Brighton,Manchester City,1,1,1,1,1,0.0,Beraberlik,Deplasman,4.0,4.33,1.75,0.3041132792180105,0.32589588247103485,0.36999083805308813,0.5894450031972016,0.6551636269036661,0.0
369,2023-05-25,32,Manchester Utd,Chelsea,4,1,1,1,0,1.0,Ev,Ev,1.6,4.33,5.0,0.47023282410768197,0.322553352984505,0.20721382224117652,0.5550208060729326,0.6090873966116709,160.0
